Date,Product ID,Total Units Sold,Price
1/1/2022,P0001,182,33.5
1/1/2022,P0002,216,63.01
1/1/2022,P0003,116,27.99
1/1/2022,P0004,225,32.72
1/1/2022,P0005,149,73.64
1/2/2022,P0001,185,27.95
1/2/2022,P0002,242,19.78
1/2/2022,P0003,627,70.99
1/2/2022,P0004,223,49.56
1/2/2022,P0005,240,23.76
1/3/2022,P0001,194,62.7
1/3/2022,P0002,269,54.02
1/3/2022,P0003,300,26.03
1/3/2022,P0004,265,10.19
1/3/2022,P0005,221,95.54
1/4/2022,P0001,251,77.88
1/4/2022,P0002,233,88.22
1/4/2022,P0003,261,10.55
1/4/2022,P0004,123,44.81
1/4/2022,P0005,224,69.65
1/5/2022,P0001,184,28.46
1/5/2022,P0002,385,79.54
1/5/2022,P0003,295,80.57
1/5/2022,P0004,102,93.53
1/5/2022,P0005,268,46.13
1/6/2022,P0001,192,91.05
1/6/2022,P0002,344,47.32
1/6/2022,P0003,245,54.78
1/6/2022,P0004,428,41.72
1/6/2022,P0005,315,37.57
1/7/2022,P0001,213,53.99
1/7/2022,P0002,181,80.82
1/7/2022,P0003,189,63.07
1/7/2022,P0004,490,10.74
1/7/2022,P0005,262,29.63
1/8/2022,P0001,121,66.3
1/8/2022,P0002,67,72.12
1/8/2022,P0003,213,39.4
1/8/2022,P0004,220,40.63
1/8/2022,P0005,394,20.73
1/9/2022,P0001,528,41.72
1/9/2022,P0002,76,96.33
1/9/2022,P0003,260,18.67
1/9/2022,P0004,193,64.74
1/9/2022,P0005,375,83.56
1/10/2022,P0001,168,32.68
1/10/2022,P0002,304,42.03
1/10/2022,P0003,215,29.15
1/10/2022,P0004,142,74.05
1/10/2022,P0005,167,23.43
1/11/2022,P0001,209,27.53
1/11/2022,P0002,267,37.38
1/11/2022,P0003,142,50.84
1/11/2022,P0004,411,35.38
1/11/2022,P0005,353,84.84
1/12/2022,P0001,293,92.92
1/12/2022,P0002,218,26.45
1/12/2022,P0003,197,14.77
1/12/2022,P0004,212,43.89
1/12/2022,P0005,163,72.92
1/13/2022,P0001,270,17.27
1/13/2022,P0002,467,82.04
1/13/2022,P0003,102,69.18
1/13/2022,P0004,248,61.99
1/13/2022,P0005,298,31.66
1/14/2022,P0001,221,90.05
1/14/2022,P0002,295,50.09
1/14/2022,P0003,211,53.89
1/14/2022,P0004,326,14.39
1/14/2022,P0005,340,72.69
1/15/2022,P0001,270,98.04
1/15/2022,P0002,252,98.02
1/15/2022,P0003,175,21.06
1/15/2022,P0004,260,72.09
1/15/2022,P0005,165,82.39
1/16/2022,P0001,286,11.39
1/16/2022,P0002,369,70.53
1/16/2022,P0003,217,60.44
1/16/2022,P0004,153,13.91
1/16/2022,P0005,92,42.25
1/17/2022,P0001,164,95.27
1/17/2022,P0002,333,26.66
1/17/2022,P0003,49,11.6
1/17/2022,P0004,164,48.66
1/17/2022,P0005,123,45.59
1/18/2022,P0001,280,90.7
1/18/2022,P0002,138,45.9
1/18/2022,P0003,217,82.71
1/18/2022,P0004,220,89.97
1/18/2022,P0005,237,83.58
1/19/2022,P0001,350,97.97
1/19/2022,P0002,189,53.18
1/19/2022,P0003,256,87.69
1/19/2022,P0004,385,37.99
1/19/2022,P0005,301,92.13
1/20/2022,P0001,192,10.38
1/20/2022,P0002,346,86.85
1/20/2022,P0003,97,53.62
1/20/2022,P0004,145,44.37
1/20/2022,P0005,653,83.53
1/21/2022,P0001,585,13.1
1/21/2022,P0002,191,22.82
1/21/2022,P0003,208,67.21
1/21/2022,P0004,232,40.08
1/21/2022,P0005,267,12.56
1/22/2022,P0001,388,87.64
1/22/2022,P0002,499,13.91
1/22/2022,P0003,290,41.08
1/22/2022,P0004,498,30.52
1/22/2022,P0005,212,54.66
1/23/2022,P0001,234,22.65
1/23/2022,P0002,212,82.23
1/23/2022,P0003,200,39.81
1/23/2022,P0004,195,81.6
1/23/2022,P0005,211,11.69
1/24/2022,P0001,141,76.71
1/24/2022,P0002,335,21.08
1/24/2022,P0003,270,98.36
1/24/2022,P0004,206,69.81
1/24/2022,P0005,209,68.37
1/25/2022,P0001,311,18.35
1/25/2022,P0002,281,48.79
1/25/2022,P0003,329,39.15
1/25/2022,P0004,124,60.53
1/25/2022,P0005,311,53.26
1/26/2022,P0001,150,59.48
1/26/2022,P0002,171,71.22
1/26/2022,P0003,303,30.63
1/26/2022,P0004,213,77.45
1/26/2022,P0005,151,19.25
1/27/2022,P0001,280,93.34
1/27/2022,P0002,175,44.94
1/27/2022,P0003,343,52.68
1/27/2022,P0004,403,30.59
1/27/2022,P0005,291,18.78
1/28/2022,P0001,179,53.25
1/28/2022,P0002,230,73.32
1/28/2022,P0003,390,14.56
1/28/2022,P0004,157,19.29
1/28/2022,P0005,463,24.27
1/29/2022,P0001,171,88.06
1/29/2022,P0002,227,42.11
1/29/2022,P0003,103,81.65
1/29/2022,P0004,426,27.22
1/29/2022,P0005,62,69.74
1/30/2022,P0001,193,68.76
1/30/2022,P0002,142,99.71
1/30/2022,P0003,402,11.26
1/30/2022,P0004,318,29.77
1/30/2022,P0005,331,96.98
1/31/2022,P0001,352,70.78
1/31/2022,P0002,426,80.69
1/31/2022,P0003,270,11.21
1/31/2022,P0004,257,39.9
1/31/2022,P0005,258,28.06
2/1/2022,P0001,363,34.49
2/1/2022,P0002,214,98.79
2/1/2022,P0003,414,40.54
2/1/2022,P0004,291,22.29
2/1/2022,P0005,313,88.56
2/2/2022,P0001,187,52.49
2/2/2022,P0002,247,49.22
2/2/2022,P0003,66,68.98
2/2/2022,P0004,133,26.01
2/2/2022,P0005,66,40.71
2/3/2022,P0001,257,27.71
2/3/2022,P0002,251,93.69
2/3/2022,P0003,142,93.68
2/3/2022,P0004,119,84.79
2/3/2022,P0005,284,17.08
2/4/2022,P0001,50,16.84
2/4/2022,P0002,272,82.89
2/4/2022,P0003,107,60.45
2/4/2022,P0004,236,71.71
2/4/2022,P0005,159,40.94
2/5/2022,P0001,532,51.44
2/5/2022,P0002,369,75.69
2/5/2022,P0003,489,39.75
2/5/2022,P0004,418,85.83
2/5/2022,P0005,295,63.89
2/6/2022,P0001,161,68.85
2/6/2022,P0002,292,30.5
2/6/2022,P0003,202,23.7
2/6/2022,P0004,257,89.87
2/6/2022,P0005,366,17.53
2/7/2022,P0001,167,11.34
2/7/2022,P0002,287,68.96
2/7/2022,P0003,171,31.22
2/7/2022,P0004,286,36.16
2/7/2022,P0005,169,31.78
2/8/2022,P0001,60,67.64
2/8/2022,P0002,340,29.91
2/8/2022,P0003,574,18.33
2/8/2022,P0004,436,67.93
2/8/2022,P0005,257,88.4
2/9/2022,P0001,159,90.55
2/9/2022,P0002,205,87.7
2/9/2022,P0003,359,17.26
2/9/2022,P0004,201,29.25
2/9/2022,P0005,67,51.33
2/10/2022,P0001,339,89.58
2/10/2022,P0002,136,85.11
2/10/2022,P0003,63,23.85
2/10/2022,P0004,269,82.75
2/10/2022,P0005,159,66.24
2/11/2022,P0001,237,19.93
2/11/2022,P0002,196,83.76
2/11/2022,P0003,197,26.61
2/11/2022,P0004,392,30.2
2/11/2022,P0005,153,34.17
2/12/2022,P0001,83,64.4
2/12/2022,P0002,128,86.92
2/12/2022,P0003,224,76.56
2/12/2022,P0004,151,20.28
2/12/2022,P0005,356,33.78
2/13/2022,P0001,310,85.19
2/13/2022,P0002,316,30.44
2/13/2022,P0003,208,33.94
2/13/2022,P0004,121,85.42
2/13/2022,P0005,443,34.66
2/14/2022,P0001,415,97.41
2/14/2022,P0002,203,61.63
2/14/2022,P0003,198,64.55
2/14/2022,P0004,352,61.92
2/14/2022,P0005,160,15.71
2/15/2022,P0001,143,51.27
2/15/2022,P0002,123,17.11
2/15/2022,P0003,406,64.5
2/15/2022,P0004,61,33.81
2/15/2022,P0005,303,20.96
2/16/2022,P0001,464,65.22
2/16/2022,P0002,392,32.14
2/16/2022,P0003,245,35.62
2/16/2022,P0004,341,85.76
2/16/2022,P0005,229,40.24
2/17/2022,P0001,177,49.34
2/17/2022,P0002,589,54.57
2/17/2022,P0003,417,68.11
2/17/2022,P0004,99,50.07
2/17/2022,P0005,58,21.39
2/18/2022,P0001,60,20.21
2/18/2022,P0002,185,89.9
2/18/2022,P0003,130,18.31
2/18/2022,P0004,232,69.15
2/18/2022,P0005,204,75.28
2/19/2022,P0001,227,75.6
2/19/2022,P0002,311,54.94
2/19/2022,P0003,158,31.86
2/19/2022,P0004,155,41.13
2/19/2022,P0005,263,50.82
2/20/2022,P0001,355,73.76
2/20/2022,P0002,340,49.59
2/20/2022,P0003,349,91.11
2/20/2022,P0004,512,81.51
2/20/2022,P0005,310,84.73
2/21/2022,P0001,473,96.55
2/21/2022,P0002,347,56.7
2/21/2022,P0003,278,14.97
2/21/2022,P0004,224,60.65
2/21/2022,P0005,80,44.33
2/22/2022,P0001,326,12.81
2/22/2022,P0002,222,36.67
2/22/2022,P0003,240,50.67
2/22/2022,P0004,248,69.21
2/22/2022,P0005,173,16.41
2/23/2022,P0001,217,27.67
2/23/2022,P0002,296,57.62
2/23/2022,P0003,213,79.42
2/23/2022,P0004,397,20.14
2/23/2022,P0005,290,98.78
2/24/2022,P0001,285,25.72
2/24/2022,P0002,111,17.68
2/24/2022,P0003,76,92.36
2/24/2022,P0004,312,79.55
2/24/2022,P0005,334,38.5
2/25/2022,P0001,402,10.85
2/25/2022,P0002,530,89.08
2/25/2022,P0003,172,21.59
2/25/2022,P0004,176,90.29
2/25/2022,P0005,172,69.87
2/26/2022,P0001,161,52.53
2/26/2022,P0002,269,60.41
2/26/2022,P0003,132,27.68
2/26/2022,P0004,210,21.32
2/26/2022,P0005,142,42.75
2/27/2022,P0001,233,34.84
2/27/2022,P0002,164,49.83
2/27/2022,P0003,208,21.31
2/27/2022,P0004,163,99.14
2/27/2022,P0005,354,80.92
2/28/2022,P0001,447,89.39
2/28/2022,P0002,91,32.76
2/28/2022,P0003,159,51.84
2/28/2022,P0004,143,55.5
2/28/2022,P0005,151,24.79
3/1/2022,P0001,141,15.95
3/1/2022,P0002,73,47.19
3/1/2022,P0003,355,44.26
3/1/2022,P0004,288,82.78
3/1/2022,P0005,222,42.75
3/2/2022,P0001,213,58.52
3/2/2022,P0002,117,11.31
3/2/2022,P0003,223,89.13
3/2/2022,P0004,201,17.17
3/2/2022,P0005,139,96.11
3/3/2022,P0001,80,14.01
3/3/2022,P0002,461,65.73
3/3/2022,P0003,415,73.31
3/3/2022,P0004,161,27.47
3/3/2022,P0005,133,15.91
3/4/2022,P0001,327,33.06
3/4/2022,P0002,227,95.46
3/4/2022,P0003,273,47.86
3/4/2022,P0004,306,93.32
3/4/2022,P0005,110,65.52
3/5/2022,P0001,449,27.67
3/5/2022,P0002,291,67.32
3/5/2022,P0003,338,54.15
3/5/2022,P0004,168,11.47
3/5/2022,P0005,446,32.85
3/6/2022,P0001,246,62.37
3/6/2022,P0002,93,42.9
3/6/2022,P0003,401,82.12
3/6/2022,P0004,113,60.47
3/6/2022,P0005,245,63.93
3/7/2022,P0001,428,98.99
3/7/2022,P0002,329,60.26
3/7/2022,P0003,176,22.15
3/7/2022,P0004,164,51.52
3/7/2022,P0005,58,85.9
3/8/2022,P0001,120,95.9
3/8/2022,P0002,406,99.81
3/8/2022,P0003,168,38.63
3/8/2022,P0004,384,73.4
3/8/2022,P0005,126,10.39
3/9/2022,P0001,191,24.92
3/9/2022,P0002,168,40.05
3/9/2022,P0003,356,14.69
3/9/2022,P0004,165,99.98
3/9/2022,P0005,338,52.55
3/10/2022,P0001,331,24.69
3/10/2022,P0002,195,31.11
3/10/2022,P0003,333,47.39
3/10/2022,P0004,482,43.71
3/10/2022,P0005,115,22.34
3/11/2022,P0001,329,46.7
3/11/2022,P0002,338,94.2
3/11/2022,P0003,598,16.66
3/11/2022,P0004,220,66.02
3/11/2022,P0005,423,85.4
3/12/2022,P0001,338,91.91
3/12/2022,P0002,346,64.71
3/12/2022,P0003,187,22.83
3/12/2022,P0004,195,13.74
3/12/2022,P0005,202,63.69
3/13/2022,P0001,236,87
3/13/2022,P0002,323,19.99
3/13/2022,P0003,169,93.95
3/13/2022,P0004,378,56.99
3/13/2022,P0005,282,67.37
3/14/2022,P0001,242,59.11
3/14/2022,P0002,216,75.56
3/14/2022,P0003,180,25.61
3/14/2022,P0004,41,29.96
3/14/2022,P0005,89,81.41
3/15/2022,P0001,265,69.17
3/15/2022,P0002,460,34.94
3/15/2022,P0003,150,43.65
3/15/2022,P0004,246,24.98
3/15/2022,P0005,96,98.1
3/16/2022,P0001,356,37.52
3/16/2022,P0002,128,83.43
3/16/2022,P0003,159,92.04
3/16/2022,P0004,83,18
3/16/2022,P0005,386,39.31
3/17/2022,P0001,175,30.81
3/17/2022,P0002,216,29.2
3/17/2022,P0003,136,35.8
3/17/2022,P0004,128,48.31
3/17/2022,P0005,226,66.32
3/18/2022,P0001,191,47.2
3/18/2022,P0002,314,50.22
3/18/2022,P0003,237,28.03
3/18/2022,P0004,118,18.97
3/18/2022,P0005,300,65.39
3/19/2022,P0001,313,17.8
3/19/2022,P0002,256,16.61
3/19/2022,P0003,118,86.65
3/19/2022,P0004,286,30.52
3/19/2022,P0005,82,83.23
3/20/2022,P0001,108,33.07
3/20/2022,P0002,181,54.25
3/20/2022,P0003,236,48.75
3/20/2022,P0004,324,27.58
3/20/2022,P0005,74,57.92
3/21/2022,P0001,218,75.75
3/21/2022,P0002,415,86.89
3/21/2022,P0003,496,81.75
3/21/2022,P0004,482,72.84
3/21/2022,P0005,381,79.72
3/22/2022,P0001,197,69.56
3/22/2022,P0002,207,47.88
3/22/2022,P0003,125,41.09
3/22/2022,P0004,187,11.29
3/22/2022,P0005,627,26.1
3/23/2022,P0001,145,86.7
3/23/2022,P0002,428,81.04
3/23/2022,P0003,364,61.68
3/23/2022,P0004,272,45.49
3/23/2022,P0005,156,77.75
3/24/2022,P0001,119,12.46
3/24/2022,P0002,386,57.91
3/24/2022,P0003,324,28.91
3/24/2022,P0004,157,44.4
3/24/2022,P0005,269,36.64
3/25/2022,P0001,168,45.18
3/25/2022,P0002,295,10.5
3/25/2022,P0003,328,12.47
3/25/2022,P0004,219,49.35
3/25/2022,P0005,235,47.37
3/26/2022,P0001,132,81.93
3/26/2022,P0002,229,42.15
3/26/2022,P0003,182,99.41
3/26/2022,P0004,283,79.91
3/26/2022,P0005,465,52.39
3/27/2022,P0001,384,78.21
3/27/2022,P0002,443,31.41
3/27/2022,P0003,572,10.69
3/27/2022,P0004,149,56.22
3/27/2022,P0005,359,20.53
3/28/2022,P0001,106,68.54
3/28/2022,P0002,185,11.7
3/28/2022,P0003,200,29.86
3/28/2022,P0004,62,36.83
3/28/2022,P0005,264,49.48
3/29/2022,P0001,68,65.91
3/29/2022,P0002,282,84.79
3/29/2022,P0003,274,28.55
3/29/2022,P0004,98,19.12
3/29/2022,P0005,227,93.09
3/30/2022,P0001,327,32.07
3/30/2022,P0002,200,30.48
3/30/2022,P0003,142,93.15
3/30/2022,P0004,262,59.41
3/30/2022,P0005,252,30.32
3/31/2022,P0001,236,63.02
3/31/2022,P0002,70,41.2
3/31/2022,P0003,289,86.48
3/31/2022,P0004,154,21.08
3/31/2022,P0005,247,85.09
4/1/2022,P0001,166,44.62
4/1/2022,P0002,253,14.23
4/1/2022,P0003,228,55.96
4/1/2022,P0004,422,76.01
4/1/2022,P0005,109,92.72
4/2/2022,P0001,124,81.11
4/2/2022,P0002,221,78.3
4/2/2022,P0003,258,29.28
4/2/2022,P0004,185,49.23
4/2/2022,P0005,187,45.58
4/3/2022,P0001,174,51.04
4/3/2022,P0002,296,19.99
4/3/2022,P0003,528,47.6
4/3/2022,P0004,439,90.19
4/3/2022,P0005,461,76.36
4/4/2022,P0001,251,70.04
4/4/2022,P0002,370,13.23
4/4/2022,P0003,165,73.09
4/4/2022,P0004,304,17.79
4/4/2022,P0005,217,15.28
4/5/2022,P0001,270,90.24
4/5/2022,P0002,291,76.29
4/5/2022,P0003,174,91.72
4/5/2022,P0004,246,92.38
4/5/2022,P0005,71,83.41
4/6/2022,P0001,187,23.65
4/6/2022,P0002,195,86.5
4/6/2022,P0003,206,39.7
4/6/2022,P0004,139,28.15
4/6/2022,P0005,155,40.38
4/7/2022,P0001,160,67.82
4/7/2022,P0002,74,83.68
4/7/2022,P0003,234,27.52
4/7/2022,P0004,210,87.43
4/7/2022,P0005,228,69.5
4/8/2022,P0001,303,27.4
4/8/2022,P0002,219,31.32
4/8/2022,P0003,140,68.88
4/8/2022,P0004,292,42.98
4/8/2022,P0005,402,79.78
4/9/2022,P0001,181,69.13
4/9/2022,P0002,157,13.25
4/9/2022,P0003,176,22.35
4/9/2022,P0004,171,70.4
4/9/2022,P0005,171,17.13
4/10/2022,P0001,482,96.48
4/10/2022,P0002,68,88
4/10/2022,P0003,78,94.62
4/10/2022,P0004,220,26.2
4/10/2022,P0005,189,81.55
4/11/2022,P0001,550,46.43
4/11/2022,P0002,171,93.75
4/11/2022,P0003,315,29.57
4/11/2022,P0004,158,70.74
4/11/2022,P0005,231,93.89
4/12/2022,P0001,377,74.25
4/12/2022,P0002,248,42.56
4/12/2022,P0003,340,97.1
4/12/2022,P0004,187,23.92
4/12/2022,P0005,154,80.02
4/13/2022,P0001,358,78.35
4/13/2022,P0002,400,84.63
4/13/2022,P0003,132,84.55
4/13/2022,P0004,260,45.79
4/13/2022,P0005,299,92.84
4/14/2022,P0001,234,83.64
4/14/2022,P0002,146,64.32
4/14/2022,P0003,163,82.26
4/14/2022,P0004,437,11.89
4/14/2022,P0005,170,27.4
4/15/2022,P0001,197,95.63
4/15/2022,P0002,182,74.44
4/15/2022,P0003,333,37.37
4/15/2022,P0004,324,68.77
4/15/2022,P0005,246,32.73
4/16/2022,P0001,226,74.81
4/16/2022,P0002,341,23.86
4/16/2022,P0003,246,76.37
4/16/2022,P0004,225,60.34
4/16/2022,P0005,296,98.37
4/17/2022,P0001,474,68.35
4/17/2022,P0002,97,92.31
4/17/2022,P0003,346,81.65
4/17/2022,P0004,297,59.12
4/17/2022,P0005,349,68.72
4/18/2022,P0001,232,53.83
4/18/2022,P0002,373,45.2
4/18/2022,P0003,187,34.2
4/18/2022,P0004,271,80.79
4/18/2022,P0005,334,83.92
4/19/2022,P0001,236,66.6
4/19/2022,P0002,402,51.46
4/19/2022,P0003,425,54.95
4/19/2022,P0004,71,79.94
4/19/2022,P0005,202,89.54
4/20/2022,P0001,182,14.9
4/20/2022,P0002,176,25.8
4/20/2022,P0003,76,72.41
4/20/2022,P0004,355,65.91
4/20/2022,P0005,177,95.08
4/21/2022,P0001,134,84.81
4/21/2022,P0002,111,86.47
4/21/2022,P0003,81,99.05
4/21/2022,P0004,125,79.86
4/21/2022,P0005,204,39.11
4/22/2022,P0001,473,93.83
4/22/2022,P0002,274,85.52
4/22/2022,P0003,140,58.59
4/22/2022,P0004,258,19.32
4/22/2022,P0005,231,49.44
4/23/2022,P0001,309,36.5
4/23/2022,P0002,377,81.83
4/23/2022,P0003,475,78.49
4/23/2022,P0004,341,88.16
4/23/2022,P0005,78,42.61
4/24/2022,P0001,73,20.46
4/24/2022,P0002,443,92.77
4/24/2022,P0003,206,71.41
4/24/2022,P0004,181,93.66
4/24/2022,P0005,284,95.51
4/25/2022,P0001,77,71.32
4/25/2022,P0002,418,53.9
4/25/2022,P0003,145,27.66
4/25/2022,P0004,459,46.68
4/25/2022,P0005,324,29.44
4/26/2022,P0001,550,29.14
4/26/2022,P0002,266,61.3
4/26/2022,P0003,44,78.97
4/26/2022,P0004,155,34.09
4/26/2022,P0005,263,87.09
4/27/2022,P0001,340,43.71
4/27/2022,P0002,266,46.39
4/27/2022,P0003,123,71.85
4/27/2022,P0004,282,89.7
4/27/2022,P0005,184,76.18
4/28/2022,P0001,501,47.06
4/28/2022,P0002,209,85.85
4/28/2022,P0003,212,67.85
4/28/2022,P0004,206,26.73
4/28/2022,P0005,205,67.53
4/29/2022,P0001,148,34.81
4/29/2022,P0002,276,35.96
4/29/2022,P0003,249,35.05
4/29/2022,P0004,427,56.36
4/29/2022,P0005,72,87.1
4/30/2022,P0001,220,20.41
4/30/2022,P0002,155,18.51
4/30/2022,P0003,317,71.89
4/30/2022,P0004,188,95.9
4/30/2022,P0005,186,43.3
5/1/2022,P0001,117,36.91
5/1/2022,P0002,280,23.57
5/1/2022,P0003,205,10.93
5/1/2022,P0004,157,89.27
5/1/2022,P0005,235,81.66
5/2/2022,P0001,72,37.57
5/2/2022,P0002,182,85.25
5/2/2022,P0003,476,38.84
5/2/2022,P0004,260,46.6
5/2/2022,P0005,56,41.05
5/3/2022,P0001,110,47.42
5/3/2022,P0002,213,97.67
5/3/2022,P0003,455,41.89
5/3/2022,P0004,486,45.94
5/3/2022,P0005,193,24.12
5/4/2022,P0001,258,30.44
5/4/2022,P0002,227,63.76
5/4/2022,P0003,123,75.54
5/4/2022,P0004,374,12.52
5/4/2022,P0005,271,40.92
5/5/2022,P0001,221,21.29
5/5/2022,P0002,285,59.06
5/5/2022,P0003,118,25.05
5/5/2022,P0004,206,63.49
5/5/2022,P0005,192,43.67
5/6/2022,P0001,105,87.62
5/6/2022,P0002,237,78.26
5/6/2022,P0003,193,83.31
5/6/2022,P0004,178,79.52
5/6/2022,P0005,544,69.11
5/7/2022,P0001,189,65.44
5/7/2022,P0002,243,51.52
5/7/2022,P0003,202,63.95
5/7/2022,P0004,246,96.53
5/7/2022,P0005,505,56.94
5/8/2022,P0001,126,30.86
5/8/2022,P0002,296,17.97
5/8/2022,P0003,120,82.47
5/8/2022,P0004,201,55.89
5/8/2022,P0005,61,27.92
5/9/2022,P0001,267,55.13
5/9/2022,P0002,231,37.5
5/9/2022,P0003,286,43.11
5/9/2022,P0004,340,50.66
5/9/2022,P0005,154,66.33
5/10/2022,P0001,157,60.66
5/10/2022,P0002,181,95.49
5/10/2022,P0003,444,26.17
5/10/2022,P0004,235,58.98
5/10/2022,P0005,193,84.37
5/11/2022,P0001,161,23.93
5/11/2022,P0002,381,53.13
5/11/2022,P0003,130,93.32
5/11/2022,P0004,223,28.99
5/11/2022,P0005,90,61.27
5/12/2022,P0001,35,94.22
5/12/2022,P0002,121,71.88
5/12/2022,P0003,72,60.28
5/12/2022,P0004,94,45.81
5/12/2022,P0005,89,37.25
5/13/2022,P0001,393,14.24
5/13/2022,P0002,170,24.17
5/13/2022,P0003,304,14.54
5/13/2022,P0004,191,18.27
5/13/2022,P0005,59,78.43
5/14/2022,P0001,363,61.31
5/14/2022,P0002,214,27.63
5/14/2022,P0003,340,76.18
5/14/2022,P0004,36,65.51
5/14/2022,P0005,138,62.06
5/15/2022,P0001,402,39.12
5/15/2022,P0002,347,93.09
5/15/2022,P0003,396,92.94
5/15/2022,P0004,101,16.33
5/15/2022,P0005,375,89.19
5/16/2022,P0001,153,97.06
5/16/2022,P0002,356,16.71
5/16/2022,P0003,228,86.94
5/16/2022,P0004,191,96.3
5/16/2022,P0005,86,25.21
5/17/2022,P0001,383,82.48
5/17/2022,P0002,242,10.72
5/17/2022,P0003,173,10.85
5/17/2022,P0004,179,21.32
5/17/2022,P0005,141,62.46
5/18/2022,P0001,170,22.09
5/18/2022,P0002,139,20.22
5/18/2022,P0003,140,27.35
5/18/2022,P0004,262,70.16
5/18/2022,P0005,339,82
5/19/2022,P0001,134,34.33
5/19/2022,P0002,221,31.29
5/19/2022,P0003,42,70.54
5/19/2022,P0004,402,68.68
5/19/2022,P0005,83,84.63
5/20/2022,P0001,146,85.99
5/20/2022,P0002,211,55.18
5/20/2022,P0003,402,20.3
5/20/2022,P0004,242,49.44
5/20/2022,P0005,122,52.01
5/21/2022,P0001,334,75.6
5/21/2022,P0002,242,70.34
5/21/2022,P0003,184,41.88
5/21/2022,P0004,158,61.25
5/21/2022,P0005,276,21.48
5/22/2022,P0001,242,73.44
5/22/2022,P0002,203,51.46
5/22/2022,P0003,379,52.7
5/22/2022,P0004,220,82.92
5/22/2022,P0005,152,41.13
5/23/2022,P0001,112,19.09
5/23/2022,P0002,233,66.28
5/23/2022,P0003,230,54.64
5/23/2022,P0004,282,51.32
5/23/2022,P0005,90,31.71
5/24/2022,P0001,305,15.58
5/24/2022,P0002,203,27.67
5/24/2022,P0003,283,12.46
5/24/2022,P0004,287,81.02
5/24/2022,P0005,152,51.33
5/25/2022,P0001,181,45.81
5/25/2022,P0002,512,16.94
5/25/2022,P0003,138,44.51
5/25/2022,P0004,125,11.86
5/25/2022,P0005,429,85.14
5/26/2022,P0001,314,14.76
5/26/2022,P0002,85,46.19
5/26/2022,P0003,292,10.7
5/26/2022,P0004,188,72.53
5/26/2022,P0005,155,92.3
5/27/2022,P0001,222,19.35
5/27/2022,P0002,156,15.56
5/27/2022,P0003,111,43.5
5/27/2022,P0004,293,32.41
5/27/2022,P0005,238,75.31
5/28/2022,P0001,585,47.5
5/28/2022,P0002,231,90.13
5/28/2022,P0003,216,95.22
5/28/2022,P0004,354,19.48
5/28/2022,P0005,429,98.05
5/29/2022,P0001,31,68.32
5/29/2022,P0002,168,74.93
5/29/2022,P0003,394,72.35
5/29/2022,P0004,250,10.52
5/29/2022,P0005,406,35.55
5/30/2022,P0001,382,15.94
5/30/2022,P0002,457,67.12
5/30/2022,P0003,177,87.62
5/30/2022,P0004,156,38.94
5/30/2022,P0005,197,55.32
5/31/2022,P0001,275,52.95
5/31/2022,P0002,331,28.24
5/31/2022,P0003,36,91.75
5/31/2022,P0004,255,53.36
5/31/2022,P0005,78,94.41
6/1/2022,P0001,317,11.52
6/1/2022,P0002,333,31.88
6/1/2022,P0003,284,36.13
6/1/2022,P0004,213,87.35
6/1/2022,P0005,126,56.68
6/2/2022,P0001,529,98.99
6/2/2022,P0002,232,50.52
6/2/2022,P0003,254,39.49
6/2/2022,P0004,498,86.91
6/2/2022,P0005,313,28.8
6/3/2022,P0001,172,54.62
6/3/2022,P0002,257,44.58
6/3/2022,P0003,242,92.61
6/3/2022,P0004,279,46.73
6/3/2022,P0005,348,44.25
6/4/2022,P0001,119,67.67
6/4/2022,P0002,138,78.89
6/4/2022,P0003,218,60.86
6/4/2022,P0004,237,51.09
6/4/2022,P0005,148,28.62
6/5/2022,P0001,221,84.43
6/5/2022,P0002,75,97.54
6/5/2022,P0003,193,94.25
6/5/2022,P0004,112,89.15
6/5/2022,P0005,203,21.57
6/6/2022,P0001,220,94.24
6/6/2022,P0002,117,95.64
6/6/2022,P0003,344,48.92
6/6/2022,P0004,268,84.57
6/6/2022,P0005,222,23.88
6/7/2022,P0001,262,92.79
6/7/2022,P0002,85,41.27
6/7/2022,P0003,149,94.01
6/7/2022,P0004,253,95.5
6/7/2022,P0005,297,26.44
6/8/2022,P0001,183,98.92
6/8/2022,P0002,224,84.62
6/8/2022,P0003,321,13.86
6/8/2022,P0004,295,80.84
6/8/2022,P0005,435,70.97
6/9/2022,P0001,344,15.22
6/9/2022,P0002,109,64.97
6/9/2022,P0003,213,35.04
6/9/2022,P0004,259,99.74
6/9/2022,P0005,155,82.83
6/10/2022,P0001,310,51.57
6/10/2022,P0002,246,43.18
6/10/2022,P0003,121,60.82
6/10/2022,P0004,154,18.94
6/10/2022,P0005,437,74.68
6/11/2022,P0001,279,13.91
6/11/2022,P0002,262,72.19
6/11/2022,P0003,180,67.02
6/11/2022,P0004,294,93.37
6/11/2022,P0005,81,83.92
6/12/2022,P0001,447,37.8
6/12/2022,P0002,85,67.38
6/12/2022,P0003,177,88.12
6/12/2022,P0004,218,69.29
6/12/2022,P0005,214,31.63
6/13/2022,P0001,251,55.8
6/13/2022,P0002,268,67.74
6/13/2022,P0003,304,73.43
6/13/2022,P0004,252,56.45
6/13/2022,P0005,199,20.48
6/14/2022,P0001,230,35.77
6/14/2022,P0002,238,79.37
6/14/2022,P0003,86,97.72
6/14/2022,P0004,141,58.13
6/14/2022,P0005,125,65.26
6/15/2022,P0001,150,91.53
6/15/2022,P0002,118,97.67
6/15/2022,P0003,643,70.5
6/15/2022,P0004,201,83.19
6/15/2022,P0005,260,50.26
6/16/2022,P0001,418,59.27
6/16/2022,P0002,301,41.93
6/16/2022,P0003,182,43.63
6/16/2022,P0004,454,57.26
6/16/2022,P0005,174,36.68
6/17/2022,P0001,94,75.73
6/17/2022,P0002,163,51.18
6/17/2022,P0003,304,60.48
6/17/2022,P0004,195,93.33
6/17/2022,P0005,267,51.65
6/18/2022,P0001,99,25.77
6/18/2022,P0002,351,70.42
6/18/2022,P0003,419,24.53
6/18/2022,P0004,253,40.47
6/18/2022,P0005,268,85.98
6/19/2022,P0001,436,90.94
6/19/2022,P0002,162,73.26
6/19/2022,P0003,363,63.12
6/19/2022,P0004,195,96.67
6/19/2022,P0005,258,28.87
6/20/2022,P0001,380,86.86
6/20/2022,P0002,166,27.31
6/20/2022,P0003,310,65.96
6/20/2022,P0004,198,96.18
6/20/2022,P0005,366,56.56
6/21/2022,P0001,328,79.86
6/21/2022,P0002,402,29.28
6/21/2022,P0003,220,78.62
6/21/2022,P0004,209,90.81
6/21/2022,P0005,303,30
6/22/2022,P0001,425,19.44
6/22/2022,P0002,284,17.13
6/22/2022,P0003,177,23.18
6/22/2022,P0004,266,99.43
6/22/2022,P0005,134,98.57
6/23/2022,P0001,412,13.76
6/23/2022,P0002,71,20.81
6/23/2022,P0003,425,41.07
6/23/2022,P0004,327,96.49
6/23/2022,P0005,235,92.09
6/24/2022,P0001,259,96.38
6/24/2022,P0002,460,99.87
6/24/2022,P0003,141,85.44
6/24/2022,P0004,218,49
6/24/2022,P0005,242,22.39
6/25/2022,P0001,311,19.9
6/25/2022,P0002,363,50.14
6/25/2022,P0003,89,63.43
6/25/2022,P0004,148,65.16
6/25/2022,P0005,231,12.36
6/26/2022,P0001,101,23.59
6/26/2022,P0002,189,20.95
6/26/2022,P0003,227,77.39
6/26/2022,P0004,393,66.91
6/26/2022,P0005,183,11.81
6/27/2022,P0001,233,11.81
6/27/2022,P0002,249,51.99
6/27/2022,P0003,193,73.64
6/27/2022,P0004,176,90.84
6/27/2022,P0005,532,69.8
6/28/2022,P0001,311,15.81
6/28/2022,P0002,80,42.99
6/28/2022,P0003,327,35.88
6/28/2022,P0004,194,38.81
6/28/2022,P0005,196,36.09
6/29/2022,P0001,125,80.64
6/29/2022,P0002,368,17.45
6/29/2022,P0003,368,63.73
6/29/2022,P0004,389,64.04
6/29/2022,P0005,270,26.09
6/30/2022,P0001,280,74.75
6/30/2022,P0002,164,79.6
6/30/2022,P0003,316,38.96
6/30/2022,P0004,227,21.06
6/30/2022,P0005,283,73.12
7/1/2022,P0001,187,43.74
7/1/2022,P0002,207,20.18
7/1/2022,P0003,343,74.13
7/1/2022,P0004,222,64.77
7/1/2022,P0005,252,28.39
7/2/2022,P0001,28,42.42
7/2/2022,P0002,125,27.39
7/2/2022,P0003,363,48.31
7/2/2022,P0004,241,27.04
7/2/2022,P0005,343,47.5
7/3/2022,P0001,232,79.84
7/3/2022,P0002,207,96.29
7/3/2022,P0003,372,45.49
7/3/2022,P0004,355,16.17
7/3/2022,P0005,95,65.48
7/4/2022,P0001,257,15.79
7/4/2022,P0002,159,79.38
7/4/2022,P0003,216,99.75
7/4/2022,P0004,158,56.53
7/4/2022,P0005,262,90.97
7/5/2022,P0001,235,81.22
7/5/2022,P0002,285,31.92
7/5/2022,P0003,164,50.82
7/5/2022,P0004,227,87.52
7/5/2022,P0005,207,29.56
7/6/2022,P0001,161,46.96
7/6/2022,P0002,215,55.62
7/6/2022,P0003,242,12.77
7/6/2022,P0004,124,26.81
7/6/2022,P0005,392,21.12
7/7/2022,P0001,240,96.25
7/7/2022,P0002,595,56.4
7/7/2022,P0003,341,39.1
7/7/2022,P0004,96,68.22
7/7/2022,P0005,124,94.94
7/8/2022,P0001,279,78.51
7/8/2022,P0002,229,31.16
7/8/2022,P0003,157,62.34
7/8/2022,P0004,121,87.36
7/8/2022,P0005,173,71.93
7/9/2022,P0001,134,56.87
7/9/2022,P0002,260,95.83
7/9/2022,P0003,258,15.55
7/9/2022,P0004,176,43.29
7/9/2022,P0005,201,18.97
7/10/2022,P0001,100,35.38
7/10/2022,P0002,56,34.02
7/10/2022,P0003,230,64.65
7/10/2022,P0004,202,92.01
7/10/2022,P0005,180,42.17
7/11/2022,P0001,477,70.64
7/11/2022,P0002,158,11.88
7/11/2022,P0003,375,18.58
7/11/2022,P0004,331,52.18
7/11/2022,P0005,352,91.97
7/12/2022,P0001,226,37.08
7/12/2022,P0002,246,94.57
7/12/2022,P0003,181,93.01
7/12/2022,P0004,97,80.13
7/12/2022,P0005,291,61.7
7/13/2022,P0001,328,45.95
7/13/2022,P0002,60,94.48
7/13/2022,P0003,395,21.32
7/13/2022,P0004,64,46.89
7/13/2022,P0005,169,95.36
7/14/2022,P0001,560,97.5
7/14/2022,P0002,201,47.85
7/14/2022,P0003,123,28.22
7/14/2022,P0004,151,71.2
7/14/2022,P0005,170,98.68
7/15/2022,P0001,143,49.01
7/15/2022,P0002,212,88.1
7/15/2022,P0003,152,70.2
7/15/2022,P0004,154,73.2
7/15/2022,P0005,480,66.52
7/16/2022,P0001,185,79.94
7/16/2022,P0002,531,59.99
7/16/2022,P0003,167,68.85
7/16/2022,P0004,229,79.64
7/16/2022,P0005,252,28.94
7/17/2022,P0001,208,33.84
7/17/2022,P0002,344,92.39
7/17/2022,P0003,297,86.56
7/17/2022,P0004,256,64.68
7/17/2022,P0005,324,50.46
7/18/2022,P0001,127,34.46
7/18/2022,P0002,347,18.36
7/18/2022,P0003,238,88.16
7/18/2022,P0004,200,17.15
7/18/2022,P0005,393,67.53
7/19/2022,P0001,377,56.65
7/19/2022,P0002,311,82.4
7/19/2022,P0003,213,67.61
7/19/2022,P0004,141,61
7/19/2022,P0005,53,95.52
7/20/2022,P0001,206,81.18
7/20/2022,P0002,189,64.49
7/20/2022,P0003,296,92.26
7/20/2022,P0004,187,36.07
7/20/2022,P0005,231,46.31
7/21/2022,P0001,253,36.04
7/21/2022,P0002,275,37.01
7/21/2022,P0003,390,20.6
7/21/2022,P0004,210,15.53
7/21/2022,P0005,218,19.29
7/22/2022,P0001,189,92.32
7/22/2022,P0002,218,17.86
7/22/2022,P0003,467,97.69
7/22/2022,P0004,482,11.38
7/22/2022,P0005,212,59.45
7/23/2022,P0001,318,45.02
7/23/2022,P0002,234,37.49
7/23/2022,P0003,210,92.46
7/23/2022,P0004,463,65.35
7/23/2022,P0005,254,22.28
7/24/2022,P0001,399,43.51
7/24/2022,P0002,158,87.63
7/24/2022,P0003,318,69.68
7/24/2022,P0004,131,57.15
7/24/2022,P0005,60,36.8
7/25/2022,P0001,198,44.95
7/25/2022,P0002,332,90.48
7/25/2022,P0003,291,85.79
7/25/2022,P0004,198,90.76
7/25/2022,P0005,163,77.61
7/26/2022,P0001,273,30.28
7/26/2022,P0002,270,77.13
7/26/2022,P0003,152,48.16
7/26/2022,P0004,505,67.39
7/26/2022,P0005,196,41.17
7/27/2022,P0001,394,80.67
7/27/2022,P0002,102,61.53
7/27/2022,P0003,214,19.52
7/27/2022,P0004,309,12.81
7/27/2022,P0005,158,18.56
7/28/2022,P0001,395,74.05
7/28/2022,P0002,201,34.33
7/28/2022,P0003,216,73.42
7/28/2022,P0004,340,14.34
7/28/2022,P0005,205,52.08
7/29/2022,P0001,218,45.77
7/29/2022,P0002,234,44.87
7/29/2022,P0003,87,65.42
7/29/2022,P0004,329,66.41
7/29/2022,P0005,433,57.88
7/30/2022,P0001,260,99.17
7/30/2022,P0002,349,61.83
7/30/2022,P0003,194,58.06
7/30/2022,P0004,54,50
7/30/2022,P0005,167,39.82
7/31/2022,P0001,361,87.79
7/31/2022,P0002,92,48.5
7/31/2022,P0003,258,14.84
7/31/2022,P0004,116,20.65
7/31/2022,P0005,261,24.68
8/1/2022,P0001,216,28.22
8/1/2022,P0002,276,66.67
8/1/2022,P0003,221,43.83
8/1/2022,P0004,260,57.94
8/1/2022,P0005,255,68.92
8/2/2022,P0001,249,87.87
8/2/2022,P0002,291,78.92
8/2/2022,P0003,215,16.12
8/2/2022,P0004,269,91.08
8/2/2022,P0005,160,44.65
8/3/2022,P0001,423,25.2
8/3/2022,P0002,197,74.36
8/3/2022,P0003,130,83.98
8/3/2022,P0004,238,76.22
8/3/2022,P0005,442,30.65
8/4/2022,P0001,297,65.97
8/4/2022,P0002,131,77.8
8/4/2022,P0003,159,72.1
8/4/2022,P0004,440,11.01
8/4/2022,P0005,203,69.86
8/5/2022,P0001,211,87.72
8/5/2022,P0002,286,99.76
8/5/2022,P0003,86,34.21
8/5/2022,P0004,280,85.86
8/5/2022,P0005,280,29.23
8/6/2022,P0001,292,64.06
8/6/2022,P0002,260,69.85
8/6/2022,P0003,92,32.35
8/6/2022,P0004,213,10.19
8/6/2022,P0005,80,42.55
8/7/2022,P0001,288,58.96
8/7/2022,P0002,113,13.5
8/7/2022,P0003,530,50.68
8/7/2022,P0004,288,81.58
8/7/2022,P0005,322,66.66
8/8/2022,P0001,102,99.12
8/8/2022,P0002,510,10.73
8/8/2022,P0003,457,48.78
8/8/2022,P0004,281,50.3
8/8/2022,P0005,58,34.65
8/9/2022,P0001,402,98.6
8/9/2022,P0002,217,30.44
8/9/2022,P0003,71,85.04
8/9/2022,P0004,305,17.1
8/9/2022,P0005,174,95.29
8/10/2022,P0001,46,62.69
8/10/2022,P0002,155,38.91
8/10/2022,P0003,192,80.15
8/10/2022,P0004,201,16.52
8/10/2022,P0005,150,90.44
8/11/2022,P0001,361,33.11
8/11/2022,P0002,220,70.94
8/11/2022,P0003,115,68.11
8/11/2022,P0004,251,81.3
8/11/2022,P0005,148,81.89
8/12/2022,P0001,306,40.65
8/12/2022,P0002,258,95.06
8/12/2022,P0003,253,43.27
8/12/2022,P0004,45,81.97
8/12/2022,P0005,334,11.35
8/13/2022,P0001,261,57.41
8/13/2022,P0002,397,20.03
8/13/2022,P0003,459,14.92
8/13/2022,P0004,397,41.27
8/13/2022,P0005,50,64.35
8/14/2022,P0001,423,79.74
8/14/2022,P0002,107,90.04
8/14/2022,P0003,173,41.64
8/14/2022,P0004,71,59.08
8/14/2022,P0005,235,67.88
8/15/2022,P0001,207,95.07
8/15/2022,P0002,188,12.03
8/15/2022,P0003,416,97.92
8/15/2022,P0004,497,93.72
8/15/2022,P0005,284,88.95
8/16/2022,P0001,225,70.95
8/16/2022,P0002,314,60.89
8/16/2022,P0003,319,23.49
8/16/2022,P0004,228,48.96
8/16/2022,P0005,267,80.4
8/17/2022,P0001,282,25.53
8/17/2022,P0002,457,39.45
8/17/2022,P0003,259,43.07
8/17/2022,P0004,514,71.59
8/17/2022,P0005,229,46.56
8/18/2022,P0001,121,41.42
8/18/2022,P0002,465,48.36
8/18/2022,P0003,114,46.67
8/18/2022,P0004,242,63.38
8/18/2022,P0005,229,38.29
8/19/2022,P0001,248,21.86
8/19/2022,P0002,179,94.16
8/19/2022,P0003,440,50.22
8/19/2022,P0004,262,34.16
8/19/2022,P0005,466,61.98
8/20/2022,P0001,541,80.76
8/20/2022,P0002,188,83.7
8/20/2022,P0003,221,10.02
8/20/2022,P0004,135,54.61
8/20/2022,P0005,138,78.91
8/21/2022,P0001,202,97.35
8/21/2022,P0002,272,86.61
8/21/2022,P0003,241,21.77
8/21/2022,P0004,256,13.22
8/21/2022,P0005,269,35.82
8/22/2022,P0001,188,61.73
8/22/2022,P0002,263,35.33
8/22/2022,P0003,310,43.5
8/22/2022,P0004,126,59.12
8/22/2022,P0005,84,46.83
8/23/2022,P0001,346,82.81
8/23/2022,P0002,358,80.61
8/23/2022,P0003,356,86.6
8/23/2022,P0004,384,37.12
8/23/2022,P0005,85,92.08
8/24/2022,P0001,140,44.19
8/24/2022,P0002,231,32.12
8/24/2022,P0003,390,78
8/24/2022,P0004,289,83.23
8/24/2022,P0005,401,29.23
8/25/2022,P0001,89,33.23
8/25/2022,P0002,74,14.46
8/25/2022,P0003,218,38.22
8/25/2022,P0004,354,11.65
8/25/2022,P0005,243,29.41
8/26/2022,P0001,312,42.44
8/26/2022,P0002,226,11.97
8/26/2022,P0003,208,33.47
8/26/2022,P0004,257,88.56
8/26/2022,P0005,339,27.74
8/27/2022,P0001,330,80.7
8/27/2022,P0002,205,77.07
8/27/2022,P0003,439,43.58
8/27/2022,P0004,144,84.02
8/27/2022,P0005,172,66.2
8/28/2022,P0001,186,45.23
8/28/2022,P0002,243,28.08
8/28/2022,P0003,348,49.1
8/28/2022,P0004,194,16.07
8/28/2022,P0005,215,70.82
8/29/2022,P0001,262,72.86
8/29/2022,P0002,560,61.25
8/29/2022,P0003,268,38.91
8/29/2022,P0004,194,10.8
8/29/2022,P0005,246,76.29
8/30/2022,P0001,235,37.33
8/30/2022,P0002,148,62.84
8/30/2022,P0003,183,43.7
8/30/2022,P0004,152,37.55
8/30/2022,P0005,96,77.72
8/31/2022,P0001,308,25.2
8/31/2022,P0002,206,51.74
8/31/2022,P0003,472,34.11
8/31/2022,P0004,170,59.34
8/31/2022,P0005,265,77.8
9/1/2022,P0001,66,50.89
9/1/2022,P0002,381,48.85
9/1/2022,P0003,400,97.6
9/1/2022,P0004,461,96.03
9/1/2022,P0005,201,39.62
9/2/2022,P0001,241,38.87
9/2/2022,P0002,30,60.91
9/2/2022,P0003,218,32.24
9/2/2022,P0004,152,55.14
9/2/2022,P0005,597,33.88
9/3/2022,P0001,327,13.1
9/3/2022,P0002,220,73.42
9/3/2022,P0003,366,78.62
9/3/2022,P0004,151,43.1
9/3/2022,P0005,210,99.06
9/4/2022,P0001,159,37.08
9/4/2022,P0002,252,35.51
9/4/2022,P0003,310,98.52
9/4/2022,P0004,384,65.71
9/4/2022,P0005,40,56.08
9/5/2022,P0001,148,39.31
9/5/2022,P0002,141,93.24
9/5/2022,P0003,333,99.65
9/5/2022,P0004,223,45.5
9/5/2022,P0005,451,10.64
9/6/2022,P0001,457,95.87
9/6/2022,P0002,199,79.3
9/6/2022,P0003,374,92.74
9/6/2022,P0004,33,82.45
9/6/2022,P0005,264,94.88
9/7/2022,P0001,222,37.45
9/7/2022,P0002,205,27.43
9/7/2022,P0003,209,80.7
9/7/2022,P0004,136,24.52
9/7/2022,P0005,154,11.27
9/8/2022,P0001,202,16.62
9/8/2022,P0002,276,57.89
9/8/2022,P0003,177,63.77
9/8/2022,P0004,208,44.05
9/8/2022,P0005,220,16.28
9/9/2022,P0001,102,38.45
9/9/2022,P0002,428,38.7
9/9/2022,P0003,107,36.59
9/9/2022,P0004,620,69.38
9/9/2022,P0005,87,61.37
9/10/2022,P0001,328,84.98
9/10/2022,P0002,460,78.71
9/10/2022,P0003,367,28.83
9/10/2022,P0004,445,15.2
9/10/2022,P0005,197,95.44
9/11/2022,P0001,417,36.82
9/11/2022,P0002,342,60.35
9/11/2022,P0003,129,67.07
9/11/2022,P0004,57,23.59
9/11/2022,P0005,154,63.82
9/12/2022,P0001,441,96.51
9/12/2022,P0002,261,98.72
9/12/2022,P0003,387,65.25
9/12/2022,P0004,116,83.51
9/12/2022,P0005,509,84.76
9/13/2022,P0001,660,85.21
9/13/2022,P0002,182,48.14
9/13/2022,P0003,191,70.99
9/13/2022,P0004,555,80.8
9/13/2022,P0005,345,41.44
9/14/2022,P0001,246,56.58
9/14/2022,P0002,189,38.27
9/14/2022,P0003,431,65.83
9/14/2022,P0004,427,91.3
9/14/2022,P0005,248,49.21
9/15/2022,P0001,489,52.62
9/15/2022,P0002,114,25.88
9/15/2022,P0003,330,23.25
9/15/2022,P0004,490,93.04
9/15/2022,P0005,181,55.72
9/16/2022,P0001,157,90.5
9/16/2022,P0002,524,86.27
9/16/2022,P0003,166,46
9/16/2022,P0004,174,27.04
9/16/2022,P0005,56,43.97
9/17/2022,P0001,313,62.9
9/17/2022,P0002,415,58.87
9/17/2022,P0003,428,24.13
9/17/2022,P0004,211,59.1
9/17/2022,P0005,134,62.02
9/18/2022,P0001,114,44.61
9/18/2022,P0002,160,66.02
9/18/2022,P0003,44,67.11
9/18/2022,P0004,262,83.95
9/18/2022,P0005,461,12.71
9/19/2022,P0001,366,22.62
9/19/2022,P0002,402,74.34
9/19/2022,P0003,225,92.25
9/19/2022,P0004,153,99.45
9/19/2022,P0005,203,94
9/20/2022,P0001,337,79.71
9/20/2022,P0002,364,14.41
9/20/2022,P0003,110,96.02
9/20/2022,P0004,162,62.56
9/20/2022,P0005,154,34.02
9/21/2022,P0001,142,32.67
9/21/2022,P0002,529,31.52
9/21/2022,P0003,305,28.66
9/21/2022,P0004,188,68.91
9/21/2022,P0005,401,68.99
9/22/2022,P0001,170,49.37
9/22/2022,P0002,362,85.99
9/22/2022,P0003,269,68.59
9/22/2022,P0004,356,76.49
9/22/2022,P0005,491,31.34
9/23/2022,P0001,57,51.67
9/23/2022,P0002,36,61.74
9/23/2022,P0003,109,95.7
9/23/2022,P0004,106,93.25
9/23/2022,P0005,131,98.66
9/24/2022,P0001,171,85
9/24/2022,P0002,503,24.59
9/24/2022,P0003,376,91.88
9/24/2022,P0004,162,64.5
9/24/2022,P0005,359,78.52
9/25/2022,P0001,306,94.64
9/25/2022,P0002,174,38.73
9/25/2022,P0003,138,84.2
9/25/2022,P0004,52,23.5
9/25/2022,P0005,391,21.54
9/26/2022,P0001,442,43.75
9/26/2022,P0002,418,44.22
9/26/2022,P0003,298,61.26
9/26/2022,P0004,128,68.42
9/26/2022,P0005,135,32.84
9/27/2022,P0001,74,76.75
9/27/2022,P0002,372,47.18
9/27/2022,P0003,189,95.87
9/27/2022,P0004,186,42
9/27/2022,P0005,265,27.6
9/28/2022,P0001,119,46.66
9/28/2022,P0002,313,55.57
9/28/2022,P0003,74,91.28
9/28/2022,P0004,479,59.16
9/28/2022,P0005,143,61.33
9/29/2022,P0001,224,58.28
9/29/2022,P0002,396,47.54
9/29/2022,P0003,461,62.22
9/29/2022,P0004,100,48.5
9/29/2022,P0005,73,54.33
9/30/2022,P0001,173,66.84
9/30/2022,P0002,143,61.54
9/30/2022,P0003,419,94.21
9/30/2022,P0004,55,16.47
9/30/2022,P0005,171,43.87
10/1/2022,P0001,221,58.74
10/1/2022,P0002,187,57.36
10/1/2022,P0003,272,52.83
10/1/2022,P0004,293,33.1
10/1/2022,P0005,238,59.94
10/2/2022,P0001,488,79.35
10/2/2022,P0002,228,81.38
10/2/2022,P0003,43,91.23
10/2/2022,P0004,247,43.87
10/2/2022,P0005,49,54.87
10/3/2022,P0001,233,87.39
10/3/2022,P0002,328,52.38
10/3/2022,P0003,224,56.67
10/3/2022,P0004,288,96.93
10/3/2022,P0005,294,21.82
10/4/2022,P0001,172,38.73
10/4/2022,P0002,225,21.53
10/4/2022,P0003,167,84.58
10/4/2022,P0004,254,38.58
10/4/2022,P0005,216,79.36
10/5/2022,P0001,67,19.32
10/5/2022,P0002,298,12.63
10/5/2022,P0003,146,87.16
10/5/2022,P0004,132,15.2
10/5/2022,P0005,198,38.21
10/6/2022,P0001,182,73.1
10/6/2022,P0002,259,99.86
10/6/2022,P0003,306,21.12
10/6/2022,P0004,274,30.56
10/6/2022,P0005,72,91.68
10/7/2022,P0001,469,38.45
10/7/2022,P0002,247,81.03
10/7/2022,P0003,113,72.23
10/7/2022,P0004,183,59.63
10/7/2022,P0005,162,73.51
10/8/2022,P0001,227,73.17
10/8/2022,P0002,211,67.91
10/8/2022,P0003,198,90.7
10/8/2022,P0004,216,20.07
10/8/2022,P0005,204,98.21
10/9/2022,P0001,160,80.46
10/9/2022,P0002,95,86.64
10/9/2022,P0003,531,63.24
10/9/2022,P0004,307,42.56
10/9/2022,P0005,231,48.71
10/10/2022,P0001,329,77.43
10/10/2022,P0002,387,91.3
10/10/2022,P0003,361,24.43
10/10/2022,P0004,65,56.33
10/10/2022,P0005,250,56.27
10/11/2022,P0001,182,72.38
10/11/2022,P0002,175,33.34
10/11/2022,P0003,296,34.73
10/11/2022,P0004,282,36.76
10/11/2022,P0005,306,67.5
10/12/2022,P0001,482,78.14
10/12/2022,P0002,327,74.64
10/12/2022,P0003,337,22.73
10/12/2022,P0004,296,22.1
10/12/2022,P0005,331,45.85
10/13/2022,P0001,46,90.38
10/13/2022,P0002,233,53.99
10/13/2022,P0003,282,50.51
10/13/2022,P0004,412,24.74
10/13/2022,P0005,525,49.45
10/14/2022,P0001,409,16.47
10/14/2022,P0002,275,66.3
10/14/2022,P0003,218,20.48
10/14/2022,P0004,185,22.44
10/14/2022,P0005,269,59.29
10/15/2022,P0001,138,69.84
10/15/2022,P0002,330,41.16
10/15/2022,P0003,315,35.7
10/15/2022,P0004,139,83.07
10/15/2022,P0005,115,75.19
10/16/2022,P0001,190,41.81
10/16/2022,P0002,472,86.92
10/16/2022,P0003,147,68.81
10/16/2022,P0004,141,52.49
10/16/2022,P0005,347,21.46
10/17/2022,P0001,472,63.43
10/17/2022,P0002,141,28.3
10/17/2022,P0003,231,43.11
10/17/2022,P0004,174,68.91
10/17/2022,P0005,96,37.15
10/18/2022,P0001,389,83.62
10/18/2022,P0002,270,39.81
10/18/2022,P0003,236,23.72
10/18/2022,P0004,226,18.4
10/18/2022,P0005,308,95.26
10/19/2022,P0001,149,67.28
10/19/2022,P0002,296,78.98
10/19/2022,P0003,142,66.46
10/19/2022,P0004,388,80.47
10/19/2022,P0005,222,33.85
10/20/2022,P0001,148,43.3
10/20/2022,P0002,192,11.37
10/20/2022,P0003,238,14.45
10/20/2022,P0004,196,77.94
10/20/2022,P0005,371,22.17
10/21/2022,P0001,148,18.16
10/21/2022,P0002,258,28.98
10/21/2022,P0003,255,26.65
10/21/2022,P0004,471,58.05
10/21/2022,P0005,70,94.89
10/22/2022,P0001,227,53.26
10/22/2022,P0002,77,23.53
10/22/2022,P0003,78,15.3
10/22/2022,P0004,177,52.09
10/22/2022,P0005,165,24.3
10/23/2022,P0001,216,83.95
10/23/2022,P0002,251,22.24
10/23/2022,P0003,284,21.03
10/23/2022,P0004,276,34.2
10/23/2022,P0005,155,65.93
10/24/2022,P0001,418,86.49
10/24/2022,P0002,224,95.54
10/24/2022,P0003,238,54.3
10/24/2022,P0004,529,69.22
10/24/2022,P0005,118,46.54
10/25/2022,P0001,115,96.07
10/25/2022,P0002,496,77.43
10/25/2022,P0003,177,75.52
10/25/2022,P0004,440,27.29
10/25/2022,P0005,285,34.43
10/26/2022,P0001,204,22.95
10/26/2022,P0002,166,19.1
10/26/2022,P0003,272,17.65
10/26/2022,P0004,261,15.63
10/26/2022,P0005,445,24.95
10/27/2022,P0001,392,72.39
10/27/2022,P0002,158,16.2
10/27/2022,P0003,391,92.47
10/27/2022,P0004,305,40.17
10/27/2022,P0005,136,14.25
10/28/2022,P0001,289,65.56
10/28/2022,P0002,535,11.51
10/28/2022,P0003,134,44.12
10/28/2022,P0004,348,74.11
10/28/2022,P0005,185,31.33
10/29/2022,P0001,161,54.42
10/29/2022,P0002,266,72.5
10/29/2022,P0003,423,37.68
10/29/2022,P0004,196,45.74
10/29/2022,P0005,536,31.64
10/30/2022,P0001,265,70.73
10/30/2022,P0002,162,68.96
10/30/2022,P0003,76,82.64
10/30/2022,P0004,183,15.76
10/30/2022,P0005,458,41.08
10/31/2022,P0001,213,20.5
10/31/2022,P0002,413,89.65
10/31/2022,P0003,187,23.36
10/31/2022,P0004,126,50.91
10/31/2022,P0005,314,98.41
11/1/2022,P0001,225,67.35
11/1/2022,P0002,270,76.55
11/1/2022,P0003,97,91.71
11/1/2022,P0004,391,55.26
11/1/2022,P0005,355,54.12
11/2/2022,P0001,226,55.6
11/2/2022,P0002,287,94.62
11/2/2022,P0003,289,43.28
11/2/2022,P0004,360,52.08
11/2/2022,P0005,27,27.37
11/3/2022,P0001,271,47.34
11/3/2022,P0002,113,25.35
11/3/2022,P0003,176,61.9
11/3/2022,P0004,433,91.23
11/3/2022,P0005,182,34.91
11/4/2022,P0001,232,57.43
11/4/2022,P0002,220,36.74
11/4/2022,P0003,296,32.78
11/4/2022,P0004,257,93.39
11/4/2022,P0005,50,52.48
11/5/2022,P0001,472,68.07
11/5/2022,P0002,335,68.69
11/5/2022,P0003,133,30.72
11/5/2022,P0004,146,64.55
11/5/2022,P0005,284,86.69
11/6/2022,P0001,265,72.66
11/6/2022,P0002,473,58.24
11/6/2022,P0003,344,55.5
11/6/2022,P0004,415,48.29
11/6/2022,P0005,213,58.93
11/7/2022,P0001,174,36.66
11/7/2022,P0002,257,66.66
11/7/2022,P0003,411,74.01
11/7/2022,P0004,263,12.67
11/7/2022,P0005,197,99.65
11/8/2022,P0001,162,26.01
11/8/2022,P0002,120,10.54
11/8/2022,P0003,100,20.27
11/8/2022,P0004,118,80.57
11/8/2022,P0005,126,59.94
11/9/2022,P0001,237,64.86
11/9/2022,P0002,237,93.42
11/9/2022,P0003,235,46.58
11/9/2022,P0004,310,77.23
11/9/2022,P0005,252,80.29
11/10/2022,P0001,88,16.23
11/10/2022,P0002,475,12.44
11/10/2022,P0003,155,28.68
11/10/2022,P0004,215,32.82
11/10/2022,P0005,271,19.01
11/11/2022,P0001,231,34.73
11/11/2022,P0002,523,35.71
11/11/2022,P0003,307,41.22
11/11/2022,P0004,190,20.95
11/11/2022,P0005,155,21.98
11/12/2022,P0001,261,70.68
11/12/2022,P0002,460,14.48
11/12/2022,P0003,580,63.41
11/12/2022,P0004,150,96.22
11/12/2022,P0005,283,12.6
11/13/2022,P0001,276,50.52
11/13/2022,P0002,405,74.58
11/13/2022,P0003,192,26.21
11/13/2022,P0004,157,38.87
11/13/2022,P0005,131,83.39
11/14/2022,P0001,169,77.41
11/14/2022,P0002,160,62.91
11/14/2022,P0003,236,98.88
11/14/2022,P0004,191,29.52
11/14/2022,P0005,187,51.02
11/15/2022,P0001,131,62.9
11/15/2022,P0002,127,43.12
11/15/2022,P0003,330,51.85
11/15/2022,P0004,131,70.03
11/15/2022,P0005,343,28.16
11/16/2022,P0001,164,70.57
11/16/2022,P0002,114,56.83
11/16/2022,P0003,243,21.56
11/16/2022,P0004,85,80.54
11/16/2022,P0005,111,87.7
11/17/2022,P0001,73,93.26
11/17/2022,P0002,623,67.28
11/17/2022,P0003,401,90.79
11/17/2022,P0004,224,90.34
11/17/2022,P0005,100,79.49
11/18/2022,P0001,261,57.49
11/18/2022,P0002,495,60.58
11/18/2022,P0003,223,43.94
11/18/2022,P0004,141,40.51
11/18/2022,P0005,200,44.24
11/19/2022,P0001,241,12.45
11/19/2022,P0002,224,60.24
11/19/2022,P0003,451,87.16
11/19/2022,P0004,512,15.38
11/19/2022,P0005,107,59.92
11/20/2022,P0001,267,38.68
11/20/2022,P0002,241,62.47
11/20/2022,P0003,257,71.23
11/20/2022,P0004,261,82.41
11/20/2022,P0005,216,70.67
11/21/2022,P0001,91,10.26
11/21/2022,P0002,279,19.92
11/21/2022,P0003,439,30.29
11/21/2022,P0004,165,78.57
11/21/2022,P0005,558,93.21
11/22/2022,P0001,145,21.34
11/22/2022,P0002,484,81
11/22/2022,P0003,255,38.15
11/22/2022,P0004,124,19.16
11/22/2022,P0005,485,36.73
11/23/2022,P0001,290,25.15
11/23/2022,P0002,175,94.58
11/23/2022,P0003,224,79.95
11/23/2022,P0004,151,34.16
11/23/2022,P0005,194,35.39
11/24/2022,P0001,300,73.81
11/24/2022,P0002,235,82.18
11/24/2022,P0003,491,45.33
11/24/2022,P0004,415,17.78
11/24/2022,P0005,244,39.5
11/25/2022,P0001,325,26.58
11/25/2022,P0002,103,67.86
11/25/2022,P0003,98,21.28
11/25/2022,P0004,398,55.9
11/25/2022,P0005,296,26.65
11/26/2022,P0001,124,11.7
11/26/2022,P0002,248,75.12
11/26/2022,P0003,289,64.56
11/26/2022,P0004,239,63.23
11/26/2022,P0005,438,11.74
11/27/2022,P0001,268,90.67
11/27/2022,P0002,492,14.51
11/27/2022,P0003,629,28.14
11/27/2022,P0004,267,74.82
11/27/2022,P0005,558,55.92
11/28/2022,P0001,198,95.08
11/28/2022,P0002,263,60.68
11/28/2022,P0003,416,79.4
11/28/2022,P0004,264,79.23
11/28/2022,P0005,497,61.93
11/29/2022,P0001,133,15.67
11/29/2022,P0002,341,52.69
11/29/2022,P0003,108,24.1
11/29/2022,P0004,506,51.96
11/29/2022,P0005,207,18.6
11/30/2022,P0001,488,83.03
11/30/2022,P0002,223,44.95
11/30/2022,P0003,495,37.48
11/30/2022,P0004,630,38.34
11/30/2022,P0005,114,12.95
12/1/2022,P0001,228,81.28
12/1/2022,P0002,412,86.41
12/1/2022,P0003,265,35.08
12/1/2022,P0004,322,30.6
12/1/2022,P0005,199,23.16
12/2/2022,P0001,421,48.82
12/2/2022,P0002,180,43.07
12/2/2022,P0003,353,56.88
12/2/2022,P0004,336,37.52
12/2/2022,P0005,393,68.48
12/3/2022,P0001,164,26.42
12/3/2022,P0002,125,43.33
12/3/2022,P0003,417,54.55
12/3/2022,P0004,538,79.62
12/3/2022,P0005,277,66.74
12/4/2022,P0001,502,74.62
12/4/2022,P0002,82,32
12/4/2022,P0003,307,53.42
12/4/2022,P0004,81,48.56
12/4/2022,P0005,331,68.13
12/5/2022,P0001,159,52.57
12/5/2022,P0002,382,38.49
12/5/2022,P0003,131,72.77
12/5/2022,P0004,245,37.71
12/5/2022,P0005,388,29.9
12/6/2022,P0001,264,30.15
12/6/2022,P0002,213,25.39
12/6/2022,P0003,601,37.26
12/6/2022,P0004,493,48.59
12/6/2022,P0005,60,16.34
12/7/2022,P0001,121,47.24
12/7/2022,P0002,466,36.28
12/7/2022,P0003,70,16.26
12/7/2022,P0004,122,72.11
12/7/2022,P0005,475,25.58
12/8/2022,P0001,341,53.04
12/8/2022,P0002,205,17.45
12/8/2022,P0003,182,85.79
12/8/2022,P0004,319,81.11
12/8/2022,P0005,246,78.15
12/9/2022,P0001,448,36.96
12/9/2022,P0002,149,83.27
12/9/2022,P0003,48,34.28
12/9/2022,P0004,312,91.39
12/9/2022,P0005,337,76.31
12/10/2022,P0001,149,90.18
12/10/2022,P0002,263,47.53
12/10/2022,P0003,141,43.13
12/10/2022,P0004,157,18.47
12/10/2022,P0005,207,20.33
12/11/2022,P0001,172,61.17
12/11/2022,P0002,132,49.52
12/11/2022,P0003,320,43.7
12/11/2022,P0004,89,79.65
12/11/2022,P0005,81,80.32
12/12/2022,P0001,141,78.31
12/12/2022,P0002,501,20.82
12/12/2022,P0003,175,16.66
12/12/2022,P0004,132,78.38
12/12/2022,P0005,71,86.58
12/13/2022,P0001,194,88.76
12/13/2022,P0002,225,72.82
12/13/2022,P0003,84,48.65
12/13/2022,P0004,106,46.89
12/13/2022,P0005,293,22.01
12/14/2022,P0001,231,61.64
12/14/2022,P0002,141,72.61
12/14/2022,P0003,134,30.01
12/14/2022,P0004,349,75.5
12/14/2022,P0005,196,92.49
12/15/2022,P0001,232,94.23
12/15/2022,P0002,234,36.66
12/15/2022,P0003,379,77.11
12/15/2022,P0004,266,93.47
12/15/2022,P0005,208,17.89
12/16/2022,P0001,398,73.39
12/16/2022,P0002,301,23.99
12/16/2022,P0003,181,85.06
12/16/2022,P0004,155,84.81
12/16/2022,P0005,440,71.87
12/17/2022,P0001,198,41.65
12/17/2022,P0002,172,83.28
12/17/2022,P0003,174,45.81
12/17/2022,P0004,187,18.25
12/17/2022,P0005,172,82.38
12/18/2022,P0001,95,13.94
12/18/2022,P0002,148,82.62
12/18/2022,P0003,173,49.35
12/18/2022,P0004,395,45.2
12/18/2022,P0005,382,58.17
12/19/2022,P0001,90,28.42
12/19/2022,P0002,157,47.54
12/19/2022,P0003,109,53.36
12/19/2022,P0004,361,68.23
12/19/2022,P0005,54,40.2
12/20/2022,P0001,216,61.01
12/20/2022,P0002,356,68.04
12/20/2022,P0003,366,87.65
12/20/2022,P0004,496,41.31
12/20/2022,P0005,82,55.43
12/21/2022,P0001,291,35.45
12/21/2022,P0002,203,27.29
12/21/2022,P0003,342,58.09
12/21/2022,P0004,413,63.02
12/21/2022,P0005,429,69.27
12/22/2022,P0001,444,91.97
12/22/2022,P0002,231,97.09
12/22/2022,P0003,250,27.23
12/22/2022,P0004,298,60.1
12/22/2022,P0005,165,22.35
12/23/2022,P0001,237,31.09
12/23/2022,P0002,194,94.96
12/23/2022,P0003,255,62.08
12/23/2022,P0004,382,56.55
12/23/2022,P0005,481,99.95
12/24/2022,P0001,192,53.01
12/24/2022,P0002,116,32.07
12/24/2022,P0003,276,55.48
12/24/2022,P0004,376,47.79
12/24/2022,P0005,455,62.79
12/25/2022,P0001,125,19.82
12/25/2022,P0002,322,11.43
12/25/2022,P0003,115,48.63
12/25/2022,P0004,147,89.6
12/25/2022,P0005,114,14.25
12/26/2022,P0001,190,72.37
12/26/2022,P0002,121,80.93
12/26/2022,P0003,92,23.28
12/26/2022,P0004,200,36.51
12/26/2022,P0005,251,42.29
12/27/2022,P0001,267,25.15
12/27/2022,P0002,181,40.33
12/27/2022,P0003,46,13.05
12/27/2022,P0004,190,75.39
12/27/2022,P0005,269,67.34
12/28/2022,P0001,129,74.05
12/28/2022,P0002,174,14.13
12/28/2022,P0003,105,49
12/28/2022,P0004,185,18.1
12/28/2022,P0005,426,47.59
12/29/2022,P0001,176,92.88
12/29/2022,P0002,283,42.86
12/29/2022,P0003,395,17.87
12/29/2022,P0004,119,64.45
12/29/2022,P0005,161,82.63
12/30/2022,P0001,115,61.06
12/30/2022,P0002,315,64.01
12/30/2022,P0003,182,80.99
12/30/2022,P0004,96,21.05
12/30/2022,P0005,260,43.32
12/31/2022,P0001,571,73.25
12/31/2022,P0002,202,15.92
12/31/2022,P0003,139,19.18
12/31/2022,P0004,369,43.37
12/31/2022,P0005,146,70.34
1/1/2023,P0001,254,48.37
1/1/2023,P0002,226,69.97
1/1/2023,P0003,355,38.5
1/1/2023,P0004,176,31.03
1/1/2023,P0005,247,15.11
1/2/2023,P0001,150,57.86
1/2/2023,P0002,370,30.68
1/2/2023,P0003,125,93.69
1/2/2023,P0004,183,29.41
1/2/2023,P0005,563,97.63
1/3/2023,P0001,430,24.2
1/3/2023,P0002,316,23.83
1/3/2023,P0003,327,43.82
1/3/2023,P0004,323,72.77
1/3/2023,P0005,161,57.11
1/4/2023,P0001,363,31.2
1/4/2023,P0002,326,36.98
1/4/2023,P0003,261,27.73
1/4/2023,P0004,87,75.4
1/4/2023,P0005,271,32.95
1/5/2023,P0001,220,59.56
1/5/2023,P0002,156,69.22
1/5/2023,P0003,321,13.04
1/5/2023,P0004,365,12.58
1/5/2023,P0005,243,91.36
1/6/2023,P0001,112,47.91
1/6/2023,P0002,100,24.15
1/6/2023,P0003,333,99.89
1/6/2023,P0004,337,38.02
1/6/2023,P0005,36,70.47
1/7/2023,P0001,165,56.44
1/7/2023,P0002,56,15.36
1/7/2023,P0003,103,86.26
1/7/2023,P0004,128,78.42
1/7/2023,P0005,297,91.09
1/8/2023,P0001,101,72.68
1/8/2023,P0002,192,76.76
1/8/2023,P0003,423,23.72
1/8/2023,P0004,306,56.52
1/8/2023,P0005,307,83.31
1/9/2023,P0001,209,65.3
1/9/2023,P0002,136,48.02
1/9/2023,P0003,101,53.7
1/9/2023,P0004,220,16.84
1/9/2023,P0005,217,26.9
1/10/2023,P0001,70,94.52
1/10/2023,P0002,209,37.65
1/10/2023,P0003,444,53.99
1/10/2023,P0004,117,54.99
1/10/2023,P0005,181,49.05
1/11/2023,P0001,279,30.34
1/11/2023,P0002,537,94.89
1/11/2023,P0003,281,19.77
1/11/2023,P0004,182,99.32
1/11/2023,P0005,220,29.93
1/12/2023,P0001,141,43.03
1/12/2023,P0002,333,97.69
1/12/2023,P0003,224,91.35
1/12/2023,P0004,390,83.04
1/12/2023,P0005,184,48.14
1/13/2023,P0001,209,19.91
1/13/2023,P0002,260,70.34
1/13/2023,P0003,121,27.5
1/13/2023,P0004,590,66.08
1/13/2023,P0005,372,87.39
1/14/2023,P0001,220,11.56
1/14/2023,P0002,252,35.83
1/14/2023,P0003,235,24.47
1/14/2023,P0004,173,39.67
1/14/2023,P0005,458,79.14
1/15/2023,P0001,442,25.33
1/15/2023,P0002,164,40.69
1/15/2023,P0003,218,87.79
1/15/2023,P0004,210,84.22
1/15/2023,P0005,73,45.09
1/16/2023,P0001,187,74.5
1/16/2023,P0002,344,41.32
1/16/2023,P0003,230,49.04
1/16/2023,P0004,297,91.92
1/16/2023,P0005,81,66.72
1/17/2023,P0001,122,31.17
1/17/2023,P0002,145,57.69
1/17/2023,P0003,124,19.85
1/17/2023,P0004,348,34.28
1/17/2023,P0005,238,26.8
1/18/2023,P0001,288,52.9
1/18/2023,P0002,211,41.45
1/18/2023,P0003,428,72.87
1/18/2023,P0004,295,95.33
1/18/2023,P0005,208,62.45
1/19/2023,P0001,130,70.42
1/19/2023,P0002,417,92.89
1/19/2023,P0003,372,92.88
1/19/2023,P0004,104,22.18
1/19/2023,P0005,389,50.14
1/20/2023,P0001,239,76.29
1/20/2023,P0002,306,46.86
1/20/2023,P0003,355,99.34
1/20/2023,P0004,178,60.8
1/20/2023,P0005,182,81.5
1/21/2023,P0001,210,55.98
1/21/2023,P0002,285,71.21
1/21/2023,P0003,404,87.91
1/21/2023,P0004,368,46.05
1/21/2023,P0005,519,90.39
1/22/2023,P0001,302,45.37
1/22/2023,P0002,256,45.06
1/22/2023,P0003,56,13.45
1/22/2023,P0004,423,17.43
1/22/2023,P0005,180,45.26
1/23/2023,P0001,118,99.46
1/23/2023,P0002,185,19.62
1/23/2023,P0003,176,95.72
1/23/2023,P0004,78,82.03
1/23/2023,P0005,160,62.8
1/24/2023,P0001,517,42.97
1/24/2023,P0002,127,38.98
1/24/2023,P0003,95,47.32
1/24/2023,P0004,123,56.28
1/24/2023,P0005,211,48.7
1/25/2023,P0001,166,75.11
1/25/2023,P0002,141,15.31
1/25/2023,P0003,415,49.05
1/25/2023,P0004,570,40.96
1/25/2023,P0005,162,47.5
1/26/2023,P0001,265,67.73
1/26/2023,P0002,336,60.49
1/26/2023,P0003,126,69.46
1/26/2023,P0004,257,13.34
1/26/2023,P0005,137,73.3
1/27/2023,P0001,123,65.66
1/27/2023,P0002,450,46.49
1/27/2023,P0003,304,78.07
1/27/2023,P0004,224,75.84
1/27/2023,P0005,418,15.23
1/28/2023,P0001,221,66.32
1/28/2023,P0002,257,66.38
1/28/2023,P0003,317,33
1/28/2023,P0004,161,22.5
1/28/2023,P0005,217,72.41
1/29/2023,P0001,405,49.34
1/29/2023,P0002,232,70.04
1/29/2023,P0003,217,43.32
1/29/2023,P0004,282,27.25
1/29/2023,P0005,315,75.34
1/30/2023,P0001,134,56.68
1/30/2023,P0002,242,76.37
1/30/2023,P0003,305,99.11
1/30/2023,P0004,418,91.46
1/30/2023,P0005,383,64.72
1/31/2023,P0001,223,39.53
1/31/2023,P0002,464,78.67
1/31/2023,P0003,243,40.05
1/31/2023,P0004,256,77.08
1/31/2023,P0005,493,10.47
2/1/2023,P0001,204,76.77
2/1/2023,P0002,85,49.01
2/1/2023,P0003,285,67.18
2/1/2023,P0004,75,49.01
2/1/2023,P0005,282,11.32
2/2/2023,P0001,196,71.03
2/2/2023,P0002,204,32.7
2/2/2023,P0003,324,50.97
2/2/2023,P0004,124,85.92
2/2/2023,P0005,127,11.17
2/3/2023,P0001,194,15.74
2/3/2023,P0002,206,82.39
2/3/2023,P0003,123,31.7
2/3/2023,P0004,131,72.98
2/3/2023,P0005,163,80.7
2/4/2023,P0001,139,86.69
2/4/2023,P0002,204,81.79
2/4/2023,P0003,285,19.63
2/4/2023,P0004,280,55.25
2/4/2023,P0005,135,35.42
2/5/2023,P0001,132,45.58
2/5/2023,P0002,154,50.26
2/5/2023,P0003,273,76.42
2/5/2023,P0004,112,43.67
2/5/2023,P0005,382,24.69
2/6/2023,P0001,329,40.45
2/6/2023,P0002,194,11.93
2/6/2023,P0003,378,74.31
2/6/2023,P0004,284,26.96
2/6/2023,P0005,142,13.62
2/7/2023,P0001,317,45.39
2/7/2023,P0002,215,74.51
2/7/2023,P0003,301,88.38
2/7/2023,P0004,224,90.77
2/7/2023,P0005,194,17.03
2/8/2023,P0001,238,93.8
2/8/2023,P0002,129,53.62
2/8/2023,P0003,354,79.93
2/8/2023,P0004,94,10.2
2/8/2023,P0005,137,18.5
2/9/2023,P0001,281,97.02
2/9/2023,P0002,343,82.96
2/9/2023,P0003,192,57.78
2/9/2023,P0004,340,95.58
2/9/2023,P0005,282,29.91
2/10/2023,P0001,294,43.14
2/10/2023,P0002,421,81.33
2/10/2023,P0003,203,59.86
2/10/2023,P0004,421,84.09
2/10/2023,P0005,142,51.4
2/11/2023,P0001,380,96.44
2/11/2023,P0002,377,11.56
2/11/2023,P0003,173,31.86
2/11/2023,P0004,390,37.49
2/11/2023,P0005,305,35.61
2/12/2023,P0001,438,23.02
2/12/2023,P0002,178,57.83
2/12/2023,P0003,458,70.74
2/12/2023,P0004,253,57.25
2/12/2023,P0005,122,95.15
2/13/2023,P0001,415,55.69
2/13/2023,P0002,295,45.45
2/13/2023,P0003,343,61.58
2/13/2023,P0004,205,58.46
2/13/2023,P0005,126,57.35
2/14/2023,P0001,229,69.66
2/14/2023,P0002,256,98.32
2/14/2023,P0003,202,62.49
2/14/2023,P0004,360,23.6
2/14/2023,P0005,247,78.98
2/15/2023,P0001,397,52.06
2/15/2023,P0002,224,44.89
2/15/2023,P0003,235,79.48
2/15/2023,P0004,189,83.75
2/15/2023,P0005,263,60.14
2/16/2023,P0001,196,58.05
2/16/2023,P0002,284,92.01
2/16/2023,P0003,157,36.41
2/16/2023,P0004,147,25.68
2/16/2023,P0005,401,98.55
2/17/2023,P0001,207,79.76
2/17/2023,P0002,114,76.88
2/17/2023,P0003,239,51.82
2/17/2023,P0004,217,63.89
2/17/2023,P0005,259,44
2/18/2023,P0001,114,83.61
2/18/2023,P0002,65,89.06
2/18/2023,P0003,142,14.45
2/18/2023,P0004,362,64.81
2/18/2023,P0005,128,18.69
2/19/2023,P0001,159,90
2/19/2023,P0002,119,79.99
2/19/2023,P0003,134,99.46
2/19/2023,P0004,353,95.87
2/19/2023,P0005,436,85.77
2/20/2023,P0001,275,60.72
2/20/2023,P0002,149,75.93
2/20/2023,P0003,332,59.15
2/20/2023,P0004,304,25.27
2/20/2023,P0005,198,49.91
2/21/2023,P0001,186,85.54
2/21/2023,P0002,403,71.62
2/21/2023,P0003,191,30.52
2/21/2023,P0004,210,50.87
2/21/2023,P0005,142,25.28
2/22/2023,P0001,261,73.23
2/22/2023,P0002,272,13.06
2/22/2023,P0003,200,77.4
2/22/2023,P0004,104,35.77
2/22/2023,P0005,267,65
2/23/2023,P0001,361,70.85
2/23/2023,P0002,464,98.39
2/23/2023,P0003,294,78.02
2/23/2023,P0004,231,55.85
2/23/2023,P0005,334,18.78
2/24/2023,P0001,146,36.88
2/24/2023,P0002,68,12.2
2/24/2023,P0003,387,29.13
2/24/2023,P0004,292,73.06
2/24/2023,P0005,245,35.49
2/25/2023,P0001,190,88.58
2/25/2023,P0002,233,48.6
2/25/2023,P0003,243,36.51
2/25/2023,P0004,214,17.67
2/25/2023,P0005,373,72.61
2/26/2023,P0001,321,89.52
2/26/2023,P0002,388,15.94
2/26/2023,P0003,423,23.86
2/26/2023,P0004,208,69.11
2/26/2023,P0005,147,96.65
2/27/2023,P0001,90,83.93
2/27/2023,P0002,346,62.6
2/27/2023,P0003,231,71.65
2/27/2023,P0004,202,16.47
2/27/2023,P0005,170,21.79
2/28/2023,P0001,443,48.07
2/28/2023,P0002,200,58.07
2/28/2023,P0003,403,94.75
2/28/2023,P0004,348,39.75
2/28/2023,P0005,290,40.94
3/1/2023,P0001,57,20.6
3/1/2023,P0002,255,61.22
3/1/2023,P0003,180,96.43
3/1/2023,P0004,442,22.58
3/1/2023,P0005,42,56.91
3/2/2023,P0001,371,90.41
3/2/2023,P0002,504,34.28
3/2/2023,P0003,336,48.19
3/2/2023,P0004,154,25.29
3/2/2023,P0005,356,50.91
3/3/2023,P0001,393,28.24
3/3/2023,P0002,144,96.19
3/3/2023,P0003,202,35.16
3/3/2023,P0004,226,72.53
3/3/2023,P0005,384,24.27
3/4/2023,P0001,279,12.41
3/4/2023,P0002,110,81.1
3/4/2023,P0003,423,64.72
3/4/2023,P0004,123,98
3/4/2023,P0005,152,90.43
3/5/2023,P0001,268,36.8
3/5/2023,P0002,517,97.93
3/5/2023,P0003,544,64.5
3/5/2023,P0004,410,79.04
3/5/2023,P0005,165,55.28
3/6/2023,P0001,562,61
3/6/2023,P0002,390,94.12
3/6/2023,P0003,232,95.78
3/6/2023,P0004,120,54.11
3/6/2023,P0005,186,87.22
3/7/2023,P0001,208,95.27
3/7/2023,P0002,196,16.71
3/7/2023,P0003,226,50.12
3/7/2023,P0004,47,16.01
3/7/2023,P0005,388,47.34
3/8/2023,P0001,303,81.16
3/8/2023,P0002,253,89.56
3/8/2023,P0003,185,78.68
3/8/2023,P0004,383,94.11
3/8/2023,P0005,229,38.02
3/9/2023,P0001,132,69.64
3/9/2023,P0002,165,33.45
3/9/2023,P0003,542,96.85
3/9/2023,P0004,66,41.99
3/9/2023,P0005,307,46.7
3/10/2023,P0001,206,49.16
3/10/2023,P0002,246,48.49
3/10/2023,P0003,157,76.67
3/10/2023,P0004,448,89.9
3/10/2023,P0005,379,93.41
3/11/2023,P0001,190,95.88
3/11/2023,P0002,200,47.24
3/11/2023,P0003,76,60.55
3/11/2023,P0004,356,88.32
3/11/2023,P0005,231,56.12
3/12/2023,P0001,542,85.73
3/12/2023,P0002,139,75.83
3/12/2023,P0003,375,52.96
3/12/2023,P0004,393,13.31
3/12/2023,P0005,226,54.58
3/13/2023,P0001,181,56.83
3/13/2023,P0002,290,20.4
3/13/2023,P0003,179,21.66
3/13/2023,P0004,273,18.01
3/13/2023,P0005,243,86.59
3/14/2023,P0001,199,76.36
3/14/2023,P0002,299,68.07
3/14/2023,P0003,269,89.64
3/14/2023,P0004,239,95.1
3/14/2023,P0005,262,58.33
3/15/2023,P0001,151,87.44
3/15/2023,P0002,74,73.75
3/15/2023,P0003,301,33.03
3/15/2023,P0004,207,90.18
3/15/2023,P0005,402,76.85
3/16/2023,P0001,238,83
3/16/2023,P0002,114,98.74
3/16/2023,P0003,98,30.79
3/16/2023,P0004,127,89.3
3/16/2023,P0005,251,25.57
3/17/2023,P0001,161,19.03
3/17/2023,P0002,170,92.89
3/17/2023,P0003,459,15.7
3/17/2023,P0004,415,30.8
3/17/2023,P0005,197,20.83
3/18/2023,P0001,91,18.54
3/18/2023,P0002,165,56.74
3/18/2023,P0003,177,63.42
3/18/2023,P0004,251,75.65
3/18/2023,P0005,406,69.05
3/19/2023,P0001,280,22.41
3/19/2023,P0002,84,66.36
3/19/2023,P0003,248,37.92
3/19/2023,P0004,173,65.56
3/19/2023,P0005,305,87.24
3/20/2023,P0001,207,20.27
3/20/2023,P0002,299,65.89
3/20/2023,P0003,373,88.87
3/20/2023,P0004,559,26.72
3/20/2023,P0005,175,53.48
3/21/2023,P0001,114,96.74
3/21/2023,P0002,268,12.94
3/21/2023,P0003,249,36.19
3/21/2023,P0004,197,40.84
3/21/2023,P0005,188,29.95
3/22/2023,P0001,327,50.97
3/22/2023,P0002,151,11.59
3/22/2023,P0003,152,56.78
3/22/2023,P0004,533,49.69
3/22/2023,P0005,90,68.07
3/23/2023,P0001,185,48.99
3/23/2023,P0002,277,83.67
3/23/2023,P0003,216,58.24
3/23/2023,P0004,232,36.43
3/23/2023,P0005,229,64.47
3/24/2023,P0001,304,51.46
3/24/2023,P0002,170,55.56
3/24/2023,P0003,463,86.83
3/24/2023,P0004,391,69.82
3/24/2023,P0005,189,42.47
3/25/2023,P0001,427,86.51
3/25/2023,P0002,266,47.85
3/25/2023,P0003,105,73.88
3/25/2023,P0004,306,11.75
3/25/2023,P0005,372,30.65
3/26/2023,P0001,438,97.07
3/26/2023,P0002,183,30.13
3/26/2023,P0003,305,61.3
3/26/2023,P0004,169,59.24
3/26/2023,P0005,116,37.17
3/27/2023,P0001,238,35.09
3/27/2023,P0002,537,57.35
3/27/2023,P0003,101,48.95
3/27/2023,P0004,170,53.25
3/27/2023,P0005,291,16.89
3/28/2023,P0001,539,10.7
3/28/2023,P0002,137,66.51
3/28/2023,P0003,260,37.16
3/28/2023,P0004,631,96.94
3/28/2023,P0005,183,10.08
3/29/2023,P0001,194,87.21
3/29/2023,P0002,279,84.7
3/29/2023,P0003,415,40.4
3/29/2023,P0004,307,97.29
3/29/2023,P0005,190,12.52
3/30/2023,P0001,115,58.13
3/30/2023,P0002,354,83.88
3/30/2023,P0003,241,42.21
3/30/2023,P0004,445,55.51
3/30/2023,P0005,258,20.09
3/31/2023,P0001,332,85.99
3/31/2023,P0002,226,55.89
3/31/2023,P0003,337,42.88
3/31/2023,P0004,65,87.16
3/31/2023,P0005,182,94.81
4/1/2023,P0001,430,35.65
4/1/2023,P0002,93,98.22
4/1/2023,P0003,116,44.27
4/1/2023,P0004,222,96.82
4/1/2023,P0005,157,50.35
4/2/2023,P0001,497,49.55
4/2/2023,P0002,188,42.13
4/2/2023,P0003,249,97.64
4/2/2023,P0004,140,56.12
4/2/2023,P0005,277,47.48
4/3/2023,P0001,343,58.38
4/3/2023,P0002,186,85.93
4/3/2023,P0003,219,88.72
4/3/2023,P0004,261,35.48
4/3/2023,P0005,234,30.92
4/4/2023,P0001,116,40.16
4/4/2023,P0002,74,20.53
4/4/2023,P0003,256,53.57
4/4/2023,P0004,83,32.59
4/4/2023,P0005,375,83.62
4/5/2023,P0001,214,16.43
4/5/2023,P0002,70,60.7
4/5/2023,P0003,159,93.65
4/5/2023,P0004,222,91.81
4/5/2023,P0005,107,78.49
4/6/2023,P0001,412,55.17
4/6/2023,P0002,216,19.01
4/6/2023,P0003,98,86.1
4/6/2023,P0004,384,28.78
4/6/2023,P0005,324,99.18
4/7/2023,P0001,220,35.07
4/7/2023,P0002,136,76.73
4/7/2023,P0003,440,49.98
4/7/2023,P0004,297,17.62
4/7/2023,P0005,477,25.63
4/8/2023,P0001,139,74.81
4/8/2023,P0002,129,97.2
4/8/2023,P0003,228,71.34
4/8/2023,P0004,325,47.97
4/8/2023,P0005,271,84.17
4/9/2023,P0001,87,33
4/9/2023,P0002,59,91.8
4/9/2023,P0003,245,69.15
4/9/2023,P0004,331,72.17
4/9/2023,P0005,97,66.28
4/10/2023,P0001,128,47.59
4/10/2023,P0002,93,85.48
4/10/2023,P0003,150,71.18
4/10/2023,P0004,164,92.19
4/10/2023,P0005,430,70.58
4/11/2023,P0001,122,36.36
4/11/2023,P0002,123,81.24
4/11/2023,P0003,284,73.74
4/11/2023,P0004,139,34.86
4/11/2023,P0005,128,24.58
4/12/2023,P0001,299,13.44
4/12/2023,P0002,226,72.9
4/12/2023,P0003,287,19.44
4/12/2023,P0004,468,90.87
4/12/2023,P0005,491,76.78
4/13/2023,P0001,213,20.6
4/13/2023,P0002,523,78.33
4/13/2023,P0003,272,35.12
4/13/2023,P0004,292,67.78
4/13/2023,P0005,183,49.04
4/14/2023,P0001,569,37.13
4/14/2023,P0002,425,89.15
4/14/2023,P0003,390,32.36
4/14/2023,P0004,133,71.18
4/14/2023,P0005,75,72.15
4/15/2023,P0001,267,34.42
4/15/2023,P0002,462,16.48
4/15/2023,P0003,233,41.36
4/15/2023,P0004,69,35.7
4/15/2023,P0005,169,39.18
4/16/2023,P0001,297,61.02
4/16/2023,P0002,242,97.21
4/16/2023,P0003,113,83.13
4/16/2023,P0004,240,84.33
4/16/2023,P0005,45,12.23
4/17/2023,P0001,192,13.85
4/17/2023,P0002,161,98.59
4/17/2023,P0003,208,33.53
4/17/2023,P0004,105,40.51
4/17/2023,P0005,408,85.9
4/18/2023,P0001,174,95.48
4/18/2023,P0002,529,75.1
4/18/2023,P0003,398,98.45
4/18/2023,P0004,375,20.39
4/18/2023,P0005,286,26.64
4/19/2023,P0001,205,74.03
4/19/2023,P0002,383,26.63
4/19/2023,P0003,266,86.56
4/19/2023,P0004,69,83.23
4/19/2023,P0005,168,67.38
4/20/2023,P0001,204,68.59
4/20/2023,P0002,169,61.75
4/20/2023,P0003,292,51.34
4/20/2023,P0004,348,88.96
4/20/2023,P0005,137,92
4/21/2023,P0001,322,74.42
4/21/2023,P0002,153,55.8
4/21/2023,P0003,329,98.79
4/21/2023,P0004,331,70.61
4/21/2023,P0005,231,67.75
4/22/2023,P0001,293,75
4/22/2023,P0002,285,20.35
4/22/2023,P0003,558,11.89
4/22/2023,P0004,94,54.36
4/22/2023,P0005,105,48.8
4/23/2023,P0001,99,26.02
4/23/2023,P0002,246,30.38
4/23/2023,P0003,250,39.04
4/23/2023,P0004,352,36.1
4/23/2023,P0005,146,91.61
4/24/2023,P0001,196,68.76
4/24/2023,P0002,56,28.32
4/24/2023,P0003,233,50.23
4/24/2023,P0004,57,62.81
4/24/2023,P0005,79,31.95
4/25/2023,P0001,333,58.65
4/25/2023,P0002,96,28.33
4/25/2023,P0003,367,32.07
4/25/2023,P0004,126,54.88
4/25/2023,P0005,47,38.61
4/26/2023,P0001,472,59.44
4/26/2023,P0002,271,30.94
4/26/2023,P0003,466,99.21
4/26/2023,P0004,83,80.14
4/26/2023,P0005,364,29.61
4/27/2023,P0001,314,20.22
4/27/2023,P0002,236,85.38
4/27/2023,P0003,323,56.62
4/27/2023,P0004,79,52.23
4/27/2023,P0005,448,78.95
4/28/2023,P0001,292,36.91
4/28/2023,P0002,179,51.68
4/28/2023,P0003,381,83.71
4/28/2023,P0004,221,44.65
4/28/2023,P0005,272,18.3
4/29/2023,P0001,132,99.67
4/29/2023,P0002,232,37.31
4/29/2023,P0003,368,52.04
4/29/2023,P0004,396,69.07
4/29/2023,P0005,212,88.68
4/30/2023,P0001,208,96.29
4/30/2023,P0002,159,19.6
4/30/2023,P0003,324,25.14
4/30/2023,P0004,151,81.08
4/30/2023,P0005,115,91.28
5/1/2023,P0001,177,37.36
5/1/2023,P0002,166,58.55
5/1/2023,P0003,148,29.85
5/1/2023,P0004,182,26.04
5/1/2023,P0005,457,11.36
5/2/2023,P0001,421,49.62
5/2/2023,P0002,221,25.39
5/2/2023,P0003,213,67.68
5/2/2023,P0004,320,93.44
5/2/2023,P0005,246,52.57
5/3/2023,P0001,184,75.78
5/3/2023,P0002,120,91.35
5/3/2023,P0003,311,54.61
5/3/2023,P0004,350,35.68
5/3/2023,P0005,361,66.96
5/4/2023,P0001,322,26.12
5/4/2023,P0002,197,86.83
5/4/2023,P0003,264,11.48
5/4/2023,P0004,293,43.37
5/4/2023,P0005,348,66.75
5/5/2023,P0001,193,61.25
5/5/2023,P0002,65,72.48
5/5/2023,P0003,359,75.51
5/5/2023,P0004,490,86.62
5/5/2023,P0005,199,21.47
5/6/2023,P0001,121,51.5
5/6/2023,P0002,474,15.51
5/6/2023,P0003,224,91.11
5/6/2023,P0004,401,66.44
5/6/2023,P0005,130,84.71
5/7/2023,P0001,191,35.55
5/7/2023,P0002,332,87.5
5/7/2023,P0003,279,22.47
5/7/2023,P0004,228,29.24
5/7/2023,P0005,288,14.29
5/8/2023,P0001,66,94.08
5/8/2023,P0002,268,82.58
5/8/2023,P0003,242,99.55
5/8/2023,P0004,170,56.2
5/8/2023,P0005,317,23.17
5/9/2023,P0001,65,24.96
5/9/2023,P0002,197,44.95
5/9/2023,P0003,380,43.27
5/9/2023,P0004,200,48.55
5/9/2023,P0005,329,21.85
5/10/2023,P0001,264,18.9
5/10/2023,P0002,308,96.06
5/10/2023,P0003,39,10.09
5/10/2023,P0004,420,98.5
5/10/2023,P0005,188,22.96
5/11/2023,P0001,87,11.45
5/11/2023,P0002,174,44.4
5/11/2023,P0003,200,47.14
5/11/2023,P0004,162,64.65
5/11/2023,P0005,127,21.23
5/12/2023,P0001,226,12.64
5/12/2023,P0002,160,33.7
5/12/2023,P0003,99,12.37
5/12/2023,P0004,354,45.47
5/12/2023,P0005,244,67.45
5/13/2023,P0001,371,26.12
5/13/2023,P0002,373,27.36
5/13/2023,P0003,400,23.44
5/13/2023,P0004,250,99.53
5/13/2023,P0005,335,50.11
5/14/2023,P0001,90,22.22
5/14/2023,P0002,174,57.02
5/14/2023,P0003,196,80.35
5/14/2023,P0004,227,13.88
5/14/2023,P0005,114,26.79
5/15/2023,P0001,71,55.08
5/15/2023,P0002,122,11.19
5/15/2023,P0003,404,58.24
5/15/2023,P0004,271,21.08
5/15/2023,P0005,180,76.32
5/16/2023,P0001,371,92.97
5/16/2023,P0002,135,87.42
5/16/2023,P0003,493,14.1
5/16/2023,P0004,323,85.44
5/16/2023,P0005,121,61.04
5/17/2023,P0001,256,52.87
5/17/2023,P0002,290,76.97
5/17/2023,P0003,177,94.87
5/17/2023,P0004,395,35.65
5/17/2023,P0005,283,99.94
5/18/2023,P0001,263,81.44
5/18/2023,P0002,237,52.99
5/18/2023,P0003,66,70.55
5/18/2023,P0004,80,58.99
5/18/2023,P0005,23,50.8
5/19/2023,P0001,331,89.06
5/19/2023,P0002,114,44.69
5/19/2023,P0003,101,14.17
5/19/2023,P0004,191,98.48
5/19/2023,P0005,210,25.69
5/20/2023,P0001,438,33.99
5/20/2023,P0002,131,54.76
5/20/2023,P0003,432,11.89
5/20/2023,P0004,265,82.26
5/20/2023,P0005,318,59.47
5/21/2023,P0001,156,83.18
5/21/2023,P0002,193,23.65
5/21/2023,P0003,317,43.84
5/21/2023,P0004,334,92.62
5/21/2023,P0005,289,91.26
5/22/2023,P0001,218,55.38
5/22/2023,P0002,76,76.37
5/22/2023,P0003,283,14.08
5/22/2023,P0004,129,39.67
5/22/2023,P0005,130,24.09
5/23/2023,P0001,131,94.33
5/23/2023,P0002,102,19.82
5/23/2023,P0003,111,15.08
5/23/2023,P0004,204,55.61
5/23/2023,P0005,332,45.65
5/24/2023,P0001,207,75.71
5/24/2023,P0002,352,55.29
5/24/2023,P0003,315,86.68
5/24/2023,P0004,147,40.59
5/24/2023,P0005,134,73.7
5/25/2023,P0001,204,64.64
5/25/2023,P0002,233,37.94
5/25/2023,P0003,114,27.03
5/25/2023,P0004,249,61.69
5/25/2023,P0005,274,21.37
5/26/2023,P0001,100,26.36
5/26/2023,P0002,240,73.57
5/26/2023,P0003,58,24.54
5/26/2023,P0004,264,34.77
5/26/2023,P0005,363,29.85
5/27/2023,P0001,133,85.15
5/27/2023,P0002,225,66.08
5/27/2023,P0003,247,82.38
5/27/2023,P0004,253,18.73
5/27/2023,P0005,124,76.73
5/28/2023,P0001,262,92.35
5/28/2023,P0002,171,84.6
5/28/2023,P0003,187,33.28
5/28/2023,P0004,101,25.18
5/28/2023,P0005,91,44.39
5/29/2023,P0001,208,64.69
5/29/2023,P0002,539,37.53
5/29/2023,P0003,224,89.64
5/29/2023,P0004,351,20.27
5/29/2023,P0005,238,55.26
5/30/2023,P0001,74,50.24
5/30/2023,P0002,305,85.45
5/30/2023,P0003,473,93.6
5/30/2023,P0004,81,25.44
5/30/2023,P0005,342,82.34
5/31/2023,P0001,178,61.46
5/31/2023,P0002,366,97.26
5/31/2023,P0003,207,60.65
5/31/2023,P0004,110,95.45
5/31/2023,P0005,135,79.04
6/1/2023,P0001,249,11.27
6/1/2023,P0002,206,28.11
6/1/2023,P0003,247,55.66
6/1/2023,P0004,182,66.57
6/1/2023,P0005,253,52.43
6/2/2023,P0001,223,11.77
6/2/2023,P0002,300,92.4
6/2/2023,P0003,391,81.3
6/2/2023,P0004,125,14.49
6/2/2023,P0005,362,70.09
6/3/2023,P0001,245,98.26
6/3/2023,P0002,206,41.13
6/3/2023,P0003,627,95.87
6/3/2023,P0004,224,65.24
6/3/2023,P0005,216,12.35
6/4/2023,P0001,202,12.5
6/4/2023,P0002,208,76.37
6/4/2023,P0003,207,45.34
6/4/2023,P0004,121,62.16
6/4/2023,P0005,301,86.61
6/5/2023,P0001,187,84.31
6/5/2023,P0002,163,35.87
6/5/2023,P0003,270,34.95
6/5/2023,P0004,278,27.06
6/5/2023,P0005,123,36.78
6/6/2023,P0001,337,53.26
6/6/2023,P0002,378,64.77
6/6/2023,P0003,338,18.03
6/6/2023,P0004,597,78.72
6/6/2023,P0005,227,87.78
6/7/2023,P0001,104,86.3
6/7/2023,P0002,244,42.98
6/7/2023,P0003,85,42.41
6/7/2023,P0004,50,77.25
6/7/2023,P0005,386,45.43
6/8/2023,P0001,494,24.33
6/8/2023,P0002,119,74.86
6/8/2023,P0003,363,92.78
6/8/2023,P0004,115,88.27
6/8/2023,P0005,196,20.44
6/9/2023,P0001,135,84.49
6/9/2023,P0002,202,25.3
6/9/2023,P0003,400,99.24
6/9/2023,P0004,244,57.83
6/9/2023,P0005,200,60.45
6/10/2023,P0001,116,14.71
6/10/2023,P0002,205,33.2
6/10/2023,P0003,232,13.94
6/10/2023,P0004,481,51.02
6/10/2023,P0005,137,71.1
6/11/2023,P0001,248,78.34
6/11/2023,P0002,392,56.83
6/11/2023,P0003,268,28.1
6/11/2023,P0004,409,39.67
6/11/2023,P0005,444,88.52
6/12/2023,P0001,110,97.1
6/12/2023,P0002,180,83.95
6/12/2023,P0003,221,91.65
6/12/2023,P0004,224,57.18
6/12/2023,P0005,495,92.04
6/13/2023,P0001,211,68.8
6/13/2023,P0002,231,91.31
6/13/2023,P0003,66,64.86
6/13/2023,P0004,362,69.2
6/13/2023,P0005,197,31.65
6/14/2023,P0001,371,54.41
6/14/2023,P0002,198,37.03
6/14/2023,P0003,185,16.77
6/14/2023,P0004,182,42.29
6/14/2023,P0005,429,69.68
6/15/2023,P0001,195,35.35
6/15/2023,P0002,306,64.06
6/15/2023,P0003,193,46.13
6/15/2023,P0004,63,57.33
6/15/2023,P0005,89,73.33
6/16/2023,P0001,270,30.67
6/16/2023,P0002,373,91.74
6/16/2023,P0003,411,63.29
6/16/2023,P0004,205,57.8
6/16/2023,P0005,407,26.43
6/17/2023,P0001,154,21.82
6/17/2023,P0002,97,70.19
6/17/2023,P0003,170,96.97
6/17/2023,P0004,116,81.53
6/17/2023,P0005,226,94.09
6/18/2023,P0001,559,66.11
6/18/2023,P0002,112,50.89
6/18/2023,P0003,190,51.02
6/18/2023,P0004,127,83.22
6/18/2023,P0005,187,73.33
6/19/2023,P0001,248,98.51
6/19/2023,P0002,240,82.7
6/19/2023,P0003,45,70.74
6/19/2023,P0004,393,48.3
6/19/2023,P0005,666,56.92
6/20/2023,P0001,183,49.52
6/20/2023,P0002,201,29.05
6/20/2023,P0003,467,82.69
6/20/2023,P0004,149,49.7
6/20/2023,P0005,227,40.5
6/21/2023,P0001,359,25.44
6/21/2023,P0002,264,38.17
6/21/2023,P0003,368,34.72
6/21/2023,P0004,206,39.08
6/21/2023,P0005,125,34.38
6/22/2023,P0001,312,51.22
6/22/2023,P0002,211,82.78
6/22/2023,P0003,233,81.31
6/22/2023,P0004,83,80.81
6/22/2023,P0005,137,13.11
6/23/2023,P0001,102,55.94
6/23/2023,P0002,226,37.99
6/23/2023,P0003,471,44.86
6/23/2023,P0004,96,62.2
6/23/2023,P0005,276,43.48
6/24/2023,P0001,221,78.93
6/24/2023,P0002,160,36.55
6/24/2023,P0003,202,13.88
6/24/2023,P0004,261,61.25
6/24/2023,P0005,553,21.27
6/25/2023,P0001,92,21.06
6/25/2023,P0002,95,75.17
6/25/2023,P0003,189,70.27
6/25/2023,P0004,187,20.06
6/25/2023,P0005,259,24.49
6/26/2023,P0001,398,58.38
6/26/2023,P0002,132,66.01
6/26/2023,P0003,472,81.57
6/26/2023,P0004,74,55.39
6/26/2023,P0005,255,59.41
6/27/2023,P0001,181,48.12
6/27/2023,P0002,311,67.77
6/27/2023,P0003,245,77.03
6/27/2023,P0004,163,80.11
6/27/2023,P0005,233,19.35
6/28/2023,P0001,253,34.12
6/28/2023,P0002,218,17.01
6/28/2023,P0003,262,48.47
6/28/2023,P0004,352,30.34
6/28/2023,P0005,325,21.56
6/29/2023,P0001,271,87.49
6/29/2023,P0002,254,45.54
6/29/2023,P0003,87,81.92
6/29/2023,P0004,308,91.78
6/29/2023,P0005,497,27.85
6/30/2023,P0001,128,84.42
6/30/2023,P0002,122,60.29
6/30/2023,P0003,356,54.26
6/30/2023,P0004,438,74.85
6/30/2023,P0005,110,87.52
7/1/2023,P0001,372,55.11
7/1/2023,P0002,133,62.89
7/1/2023,P0003,121,13.7
7/1/2023,P0004,443,19.71
7/1/2023,P0005,365,99.52
7/2/2023,P0001,303,29.35
7/2/2023,P0002,197,48.58
7/2/2023,P0003,155,90.14
7/2/2023,P0004,59,69.74
7/2/2023,P0005,98,21.36
7/3/2023,P0001,70,19.19
7/3/2023,P0002,188,20.12
7/3/2023,P0003,199,67.69
7/3/2023,P0004,347,72.78
7/3/2023,P0005,242,13.57
7/4/2023,P0001,205,55.2
7/4/2023,P0002,292,90.4
7/4/2023,P0003,207,59.95
7/4/2023,P0004,165,39.35
7/4/2023,P0005,273,20.38
7/5/2023,P0001,204,78.63
7/5/2023,P0002,258,50.33
7/5/2023,P0003,383,94.44
7/5/2023,P0004,145,63.99
7/5/2023,P0005,533,18.06
7/6/2023,P0001,148,91.09
7/6/2023,P0002,443,68.76
7/6/2023,P0003,46,48.48
7/6/2023,P0004,275,23.69
7/6/2023,P0005,280,16.85
7/7/2023,P0001,252,10.65
7/7/2023,P0002,361,35.41
7/7/2023,P0003,231,19.45
7/7/2023,P0004,281,53.22
7/7/2023,P0005,166,65.12
7/8/2023,P0001,225,30.85
7/8/2023,P0002,206,38.81
7/8/2023,P0003,379,53.61
7/8/2023,P0004,68,13.64
7/8/2023,P0005,218,30.07
7/9/2023,P0001,219,53.78
7/9/2023,P0002,213,50.94
7/9/2023,P0003,336,13.81
7/9/2023,P0004,527,46.4
7/9/2023,P0005,153,68.38
7/10/2023,P0001,115,99.4
7/10/2023,P0002,257,88.42
7/10/2023,P0003,383,44.74
7/10/2023,P0004,244,64.32
7/10/2023,P0005,339,32.14
7/11/2023,P0001,223,90.91
7/11/2023,P0002,295,54.7
7/11/2023,P0003,118,49.29
7/11/2023,P0004,411,12.7
7/11/2023,P0005,333,25.01
7/12/2023,P0001,181,62.61
7/12/2023,P0002,258,28.59
7/12/2023,P0003,195,94.58
7/12/2023,P0004,174,20.79
7/12/2023,P0005,248,53.33
7/13/2023,P0001,252,13.13
7/13/2023,P0002,308,44.81
7/13/2023,P0003,571,22.37
7/13/2023,P0004,524,78.92
7/13/2023,P0005,313,84.87
7/14/2023,P0001,339,54.7
7/14/2023,P0002,192,40.77
7/14/2023,P0003,257,45.26
7/14/2023,P0004,238,17.28
7/14/2023,P0005,36,45.5
7/15/2023,P0001,163,12.67
7/15/2023,P0002,278,75.17
7/15/2023,P0003,321,55.07
7/15/2023,P0004,178,84.48
7/15/2023,P0005,114,43.59
7/16/2023,P0001,399,61.07
7/16/2023,P0002,47,84.28
7/16/2023,P0003,412,18.08
7/16/2023,P0004,309,27.23
7/16/2023,P0005,235,52.25
7/17/2023,P0001,246,71.1
7/17/2023,P0002,51,36.61
7/17/2023,P0003,196,17.64
7/17/2023,P0004,196,46.77
7/17/2023,P0005,335,55.62
7/18/2023,P0001,325,40.58
7/18/2023,P0002,215,13.07
7/18/2023,P0003,241,36.74
7/18/2023,P0004,307,44.72
7/18/2023,P0005,63,89.67
7/19/2023,P0001,379,18.89
7/19/2023,P0002,249,85.26
7/19/2023,P0003,170,91.11
7/19/2023,P0004,397,37.9
7/19/2023,P0005,69,66.14
7/20/2023,P0001,544,36.54
7/20/2023,P0002,84,33.72
7/20/2023,P0003,192,67.2
7/20/2023,P0004,265,59.05
7/20/2023,P0005,287,31.55
7/21/2023,P0001,95,38.88
7/21/2023,P0002,169,95.54
7/21/2023,P0003,190,44.76
7/21/2023,P0004,481,76.46
7/21/2023,P0005,363,97.36
7/22/2023,P0001,207,59.12
7/22/2023,P0002,213,85.62
7/22/2023,P0003,327,51.59
7/22/2023,P0004,294,66.72
7/22/2023,P0005,194,28.39
7/23/2023,P0001,199,12.78
7/23/2023,P0002,226,62.76
7/23/2023,P0003,151,46.76
7/23/2023,P0004,176,17.72
7/23/2023,P0005,270,38.43
7/24/2023,P0001,310,95.16
7/24/2023,P0002,199,49.57
7/24/2023,P0003,111,14.2
7/24/2023,P0004,197,59.88
7/24/2023,P0005,298,84.52
7/25/2023,P0001,249,79.37
7/25/2023,P0002,211,53.21
7/25/2023,P0003,237,68.67
7/25/2023,P0004,83,60.56
7/25/2023,P0005,74,27.19
7/26/2023,P0001,317,99.21
7/26/2023,P0002,225,70.1
7/26/2023,P0003,83,81.58
7/26/2023,P0004,119,68.63
7/26/2023,P0005,340,25.93
7/27/2023,P0001,215,85.19
7/27/2023,P0002,256,41.85
7/27/2023,P0003,321,12.01
7/27/2023,P0004,221,68.82
7/27/2023,P0005,129,25.37
7/28/2023,P0001,441,90.69
7/28/2023,P0002,223,42.13
7/28/2023,P0003,211,48.43
7/28/2023,P0004,122,90.67
7/28/2023,P0005,257,55.78
7/29/2023,P0001,68,61.42
7/29/2023,P0002,196,91.55
7/29/2023,P0003,176,32.94
7/29/2023,P0004,187,58.48
7/29/2023,P0005,137,26.66
7/30/2023,P0001,500,55.91
7/30/2023,P0002,315,43.84
7/30/2023,P0003,222,50.65
7/30/2023,P0004,329,14.74
7/30/2023,P0005,227,21.95
7/31/2023,P0001,141,38.26
7/31/2023,P0002,242,42.36
7/31/2023,P0003,166,79.39
7/31/2023,P0004,141,30.31
7/31/2023,P0005,114,26.4
8/1/2023,P0001,246,14.45
8/1/2023,P0002,237,14.56
8/1/2023,P0003,527,11.27
8/1/2023,P0004,206,70.28
8/1/2023,P0005,194,40.79
8/2/2023,P0001,354,57.37
8/2/2023,P0002,222,93.37
8/2/2023,P0003,156,82.46
8/2/2023,P0004,71,93.05
8/2/2023,P0005,35,60.92
8/3/2023,P0001,550,89.99
8/3/2023,P0002,256,56.42
8/3/2023,P0003,228,50.46
8/3/2023,P0004,194,61.99
8/3/2023,P0005,162,75.74
8/4/2023,P0001,81,18.7
8/4/2023,P0002,417,45.69
8/4/2023,P0003,241,63.54
8/4/2023,P0004,217,85.06
8/4/2023,P0005,290,86.32
8/5/2023,P0001,54,77.33
8/5/2023,P0002,208,40.51
8/5/2023,P0003,106,69.07
8/5/2023,P0004,200,16.04
8/5/2023,P0005,570,81.77
8/6/2023,P0001,209,21.51
8/6/2023,P0002,267,44.95
8/6/2023,P0003,431,41.48
8/6/2023,P0004,192,62.22
8/6/2023,P0005,205,40.9
8/7/2023,P0001,120,25.3
8/7/2023,P0002,298,31.74
8/7/2023,P0003,174,93.02
8/7/2023,P0004,218,27.09
8/7/2023,P0005,234,65.51
8/8/2023,P0001,387,61.35
8/8/2023,P0002,318,52.94
8/8/2023,P0003,241,97.47
8/8/2023,P0004,148,10.8
8/8/2023,P0005,134,20.87
8/9/2023,P0001,543,74.81
8/9/2023,P0002,128,87.66
8/9/2023,P0003,455,59.41
8/9/2023,P0004,379,49.66
8/9/2023,P0005,183,19.15
8/10/2023,P0001,348,89.55
8/10/2023,P0002,388,11.21
8/10/2023,P0003,346,83.41
8/10/2023,P0004,224,17.26
8/10/2023,P0005,161,89.02
8/11/2023,P0001,239,20.54
8/11/2023,P0002,227,26.58
8/11/2023,P0003,248,37.02
8/11/2023,P0004,172,88.8
8/11/2023,P0005,229,82.14
8/12/2023,P0001,209,34.72
8/12/2023,P0002,236,72.5
8/12/2023,P0003,99,30.87
8/12/2023,P0004,98,53.56
8/12/2023,P0005,85,37.73
8/13/2023,P0001,329,48.29
8/13/2023,P0002,198,62.68
8/13/2023,P0003,152,14.97
8/13/2023,P0004,88,14.09
8/13/2023,P0005,461,50.33
8/14/2023,P0001,253,51.7
8/14/2023,P0002,379,96.36
8/14/2023,P0003,345,11.62
8/14/2023,P0004,242,81.28
8/14/2023,P0005,413,59.99
8/15/2023,P0001,437,46.93
8/15/2023,P0002,125,59.61
8/15/2023,P0003,71,47.63
8/15/2023,P0004,193,62.89
8/15/2023,P0005,52,42.06
8/16/2023,P0001,104,63.26
8/16/2023,P0002,194,90.63
8/16/2023,P0003,406,29.14
8/16/2023,P0004,225,47.24
8/16/2023,P0005,257,33.14
8/17/2023,P0001,355,36.85
8/17/2023,P0002,207,65.88
8/17/2023,P0003,483,22.41
8/17/2023,P0004,301,79.14
8/17/2023,P0005,85,91.11
8/18/2023,P0001,404,19.63
8/18/2023,P0002,208,17.6
8/18/2023,P0003,137,81.41
8/18/2023,P0004,95,51.92
8/18/2023,P0005,312,35.13
8/19/2023,P0001,200,70.67
8/19/2023,P0002,257,48.85
8/19/2023,P0003,296,24.1
8/19/2023,P0004,117,12.54
8/19/2023,P0005,169,75.19
8/20/2023,P0001,158,39.83
8/20/2023,P0002,255,25.93
8/20/2023,P0003,279,13.33
8/20/2023,P0004,79,75.83
8/20/2023,P0005,196,60.7
8/21/2023,P0001,203,26.48
8/21/2023,P0002,333,74.57
8/21/2023,P0003,231,70.63
8/21/2023,P0004,104,19.17
8/21/2023,P0005,171,24.47
8/22/2023,P0001,215,55.54
8/22/2023,P0002,233,33
8/22/2023,P0003,347,47.44
8/22/2023,P0004,162,65.83
8/22/2023,P0005,168,74.38
8/23/2023,P0001,92,71.46
8/23/2023,P0002,331,34.63
8/23/2023,P0003,392,77.81
8/23/2023,P0004,262,86.12
8/23/2023,P0005,367,70.82
8/24/2023,P0001,307,78.31
8/24/2023,P0002,266,11.98
8/24/2023,P0003,270,19.04
8/24/2023,P0004,113,69.71
8/24/2023,P0005,211,20.64
8/25/2023,P0001,221,11.8
8/25/2023,P0002,192,21.2
8/25/2023,P0003,143,76.06
8/25/2023,P0004,277,57.33
8/25/2023,P0005,99,63.52
8/26/2023,P0001,184,33.69
8/26/2023,P0002,123,55.24
8/26/2023,P0003,88,66.37
8/26/2023,P0004,452,97.42
8/26/2023,P0005,251,49.78
8/27/2023,P0001,393,24.38
8/27/2023,P0002,162,68.85
8/27/2023,P0003,281,52.62
8/27/2023,P0004,213,65.6
8/27/2023,P0005,346,39.27
8/28/2023,P0001,348,94.51
8/28/2023,P0002,136,62.05
8/28/2023,P0003,252,49.62
8/28/2023,P0004,199,84.91
8/28/2023,P0005,329,50.77
8/29/2023,P0001,163,39.32
8/29/2023,P0002,196,28.77
8/29/2023,P0003,129,90.31
8/29/2023,P0004,168,66.84
8/29/2023,P0005,54,42.59
8/30/2023,P0001,369,53.49
8/30/2023,P0002,137,48.69
8/30/2023,P0003,315,11.79
8/30/2023,P0004,133,25.69
8/30/2023,P0005,358,84.66
8/31/2023,P0001,195,19.32
8/31/2023,P0002,256,18.02
8/31/2023,P0003,125,66.21
8/31/2023,P0004,169,82.33
8/31/2023,P0005,201,48.68
9/1/2023,P0001,276,36.14
9/1/2023,P0002,299,15.78
9/1/2023,P0003,458,33.08
9/1/2023,P0004,459,56.06
9/1/2023,P0005,159,28.69
9/2/2023,P0001,145,36.75
9/2/2023,P0002,248,49.8
9/2/2023,P0003,151,72.63
9/2/2023,P0004,278,93.51
9/2/2023,P0005,230,34.14
9/3/2023,P0001,176,88.6
9/3/2023,P0002,230,92.5
9/3/2023,P0003,101,12.19
9/3/2023,P0004,186,61.88
9/3/2023,P0005,360,27.62
9/4/2023,P0001,130,87.97
9/4/2023,P0002,180,53.86
9/4/2023,P0003,146,26.85
9/4/2023,P0004,401,69.63
9/4/2023,P0005,187,45.59
9/5/2023,P0001,122,46.34
9/5/2023,P0002,149,41.17
9/5/2023,P0003,384,37.55
9/5/2023,P0004,139,15.64
9/5/2023,P0005,130,24.44
9/6/2023,P0001,270,54.62
9/6/2023,P0002,187,66.12
9/6/2023,P0003,464,81.76
9/6/2023,P0004,200,84.78
9/6/2023,P0005,181,60.65
9/7/2023,P0001,421,38.18
9/7/2023,P0002,177,45.58
9/7/2023,P0003,528,65.53
9/7/2023,P0004,428,30.84
9/7/2023,P0005,542,29.6
9/8/2023,P0001,114,70.26
9/8/2023,P0002,407,60.98
9/8/2023,P0003,203,71.2
9/8/2023,P0004,205,25.69
9/8/2023,P0005,92,53.66
9/9/2023,P0001,134,19.24
9/9/2023,P0002,171,62.67
9/9/2023,P0003,365,37.66
9/9/2023,P0004,293,66
9/9/2023,P0005,378,72.01
9/10/2023,P0001,216,32
9/10/2023,P0002,165,16.83
9/10/2023,P0003,156,25.36
9/10/2023,P0004,360,95.28
9/10/2023,P0005,238,46.26
9/11/2023,P0001,163,41.79
9/11/2023,P0002,366,15.56
9/11/2023,P0003,214,52.47
9/11/2023,P0004,202,60.73
9/11/2023,P0005,283,70.61
9/12/2023,P0001,42,36.53
9/12/2023,P0002,273,84.3
9/12/2023,P0003,96,89.29
9/12/2023,P0004,186,86.67
9/12/2023,P0005,268,92.05
9/13/2023,P0001,175,22.92
9/13/2023,P0002,156,80.12
9/13/2023,P0003,452,46.09
9/13/2023,P0004,401,50.59
9/13/2023,P0005,257,18
9/14/2023,P0001,121,43.07
9/14/2023,P0002,194,11.54
9/14/2023,P0003,297,69.22
9/14/2023,P0004,276,16.21
9/14/2023,P0005,186,79.38
9/15/2023,P0001,65,87.1
9/15/2023,P0002,151,83.23
9/15/2023,P0003,511,30.78
9/15/2023,P0004,148,74.04
9/15/2023,P0005,337,45.86
9/16/2023,P0001,275,29.46
9/16/2023,P0002,59,39.02
9/16/2023,P0003,331,48.59
9/16/2023,P0004,215,53.31
9/16/2023,P0005,283,25.12
9/17/2023,P0001,173,64.34
9/17/2023,P0002,114,78.94
9/17/2023,P0003,288,22.03
9/17/2023,P0004,373,57.04
9/17/2023,P0005,300,56.54
9/18/2023,P0001,405,30.2
9/18/2023,P0002,130,87.05
9/18/2023,P0003,500,61.62
9/18/2023,P0004,204,61.56
9/18/2023,P0005,223,28.7
9/19/2023,P0001,204,41.49
9/19/2023,P0002,300,38.34
9/19/2023,P0003,137,40.3
9/19/2023,P0004,482,23.17
9/19/2023,P0005,175,19.41
9/20/2023,P0001,187,87.21
9/20/2023,P0002,215,13.33
9/20/2023,P0003,94,26.3
9/20/2023,P0004,415,35.65
9/20/2023,P0005,581,97.15
9/21/2023,P0001,374,20.33
9/21/2023,P0002,217,93.22
9/21/2023,P0003,193,22.19
9/21/2023,P0004,244,98.29
9/21/2023,P0005,116,58.71
9/22/2023,P0001,383,88.53
9/22/2023,P0002,183,33.29
9/22/2023,P0003,425,80.47
9/22/2023,P0004,133,33.35
9/22/2023,P0005,471,72.88
9/23/2023,P0001,464,37.12
9/23/2023,P0002,144,24.32
9/23/2023,P0003,91,82.41
9/23/2023,P0004,210,65.58
9/23/2023,P0005,353,52.06
9/24/2023,P0001,86,30.49
9/24/2023,P0002,158,92.88
9/24/2023,P0003,97,91.37
9/24/2023,P0004,535,85.41
9/24/2023,P0005,397,36.91
9/25/2023,P0001,104,56.46
9/25/2023,P0002,185,78.61
9/25/2023,P0003,160,47.76
9/25/2023,P0004,217,70.29
9/25/2023,P0005,151,45.59
9/26/2023,P0001,258,68.24
9/26/2023,P0002,206,10.15
9/26/2023,P0003,97,11.23
9/26/2023,P0004,347,54.08
9/26/2023,P0005,138,43.99
9/27/2023,P0001,424,46.7
9/27/2023,P0002,92,43.63
9/27/2023,P0003,411,98.6
9/27/2023,P0004,248,97.43
9/27/2023,P0005,446,83.33
9/28/2023,P0001,276,46.88
9/28/2023,P0002,129,35.15
9/28/2023,P0003,530,46.11
9/28/2023,P0004,243,48.59
9/28/2023,P0005,150,83.48
9/29/2023,P0001,459,93.7
9/29/2023,P0002,232,30.53
9/29/2023,P0003,241,25.17
9/29/2023,P0004,379,35.62
9/29/2023,P0005,77,10.99
9/30/2023,P0001,254,61.24
9/30/2023,P0002,337,23.41
9/30/2023,P0003,605,22.76
9/30/2023,P0004,474,32.09
9/30/2023,P0005,168,23.61
10/1/2023,P0001,110,87.49
10/1/2023,P0002,368,12.44
10/1/2023,P0003,117,21.28
10/1/2023,P0004,223,78.92
10/1/2023,P0005,69,50.1
10/2/2023,P0001,211,68.08
10/2/2023,P0002,334,81.6
10/2/2023,P0003,119,10.69
10/2/2023,P0004,153,91.02
10/2/2023,P0005,194,97.17
10/3/2023,P0001,358,29.16
10/3/2023,P0002,202,67.09
10/3/2023,P0003,177,90.7
10/3/2023,P0004,257,21.62
10/3/2023,P0005,245,19.2
10/4/2023,P0001,205,75.97
10/4/2023,P0002,161,79.85
10/4/2023,P0003,107,56.3
10/4/2023,P0004,255,74.62
10/4/2023,P0005,217,22.96
10/5/2023,P0001,141,12.62
10/5/2023,P0002,265,82.82
10/5/2023,P0003,330,73.78
10/5/2023,P0004,421,91.31
10/5/2023,P0005,201,50.43
10/6/2023,P0001,594,78.57
10/6/2023,P0002,515,74
10/6/2023,P0003,117,70.67
10/6/2023,P0004,206,93.88
10/6/2023,P0005,291,35.96
10/7/2023,P0001,132,45.85
10/7/2023,P0002,207,78.93
10/7/2023,P0003,443,17.92
10/7/2023,P0004,250,88.53
10/7/2023,P0005,62,17.28
10/8/2023,P0001,63,94.18
10/8/2023,P0002,196,95.89
10/8/2023,P0003,390,44.81
10/8/2023,P0004,100,15.42
10/8/2023,P0005,301,53.49
10/9/2023,P0001,270,25.79
10/9/2023,P0002,329,61.16
10/9/2023,P0003,190,57.36
10/9/2023,P0004,190,24.13
10/9/2023,P0005,525,52.96
10/10/2023,P0001,172,97.8
10/10/2023,P0002,131,39.51
10/10/2023,P0003,319,96.94
10/10/2023,P0004,135,69.64
10/10/2023,P0005,139,28.74
10/11/2023,P0001,132,12.94
10/11/2023,P0002,194,59.22
10/11/2023,P0003,146,47.46
10/11/2023,P0004,68,48.18
10/11/2023,P0005,280,75.76
10/12/2023,P0001,240,34.85
10/12/2023,P0002,276,50.48
10/12/2023,P0003,246,59.87
10/12/2023,P0004,162,66.36
10/12/2023,P0005,121,56.98
10/13/2023,P0001,386,53.46
10/13/2023,P0002,265,34.11
10/13/2023,P0003,94,46.7
10/13/2023,P0004,258,10.71
10/13/2023,P0005,198,57.11
10/14/2023,P0001,73,89.99
10/14/2023,P0002,131,27.86
10/14/2023,P0003,117,95.64
10/14/2023,P0004,163,83.97
10/14/2023,P0005,149,68.74
10/15/2023,P0001,95,67.71
10/15/2023,P0002,131,85.09
10/15/2023,P0003,134,27.33
10/15/2023,P0004,128,98.94
10/15/2023,P0005,290,16.03
10/16/2023,P0001,302,41.77
10/16/2023,P0002,244,89.98
10/16/2023,P0003,354,46.77
10/16/2023,P0004,287,66.02
10/16/2023,P0005,255,71.24
10/17/2023,P0001,298,87.02
10/17/2023,P0002,241,37.29
10/17/2023,P0003,134,31.73
10/17/2023,P0004,546,57.28
10/17/2023,P0005,302,99.93
10/18/2023,P0001,139,72.33
10/18/2023,P0002,428,84.52
10/18/2023,P0003,180,51.18
10/18/2023,P0004,233,76.22
10/18/2023,P0005,220,67.78
10/19/2023,P0001,227,87.17
10/19/2023,P0002,85,76.96
10/19/2023,P0003,337,14.19
10/19/2023,P0004,489,96.02
10/19/2023,P0005,229,56.62
10/20/2023,P0001,527,48.96
10/20/2023,P0002,174,79.25
10/20/2023,P0003,115,99.4
10/20/2023,P0004,336,13.65
10/20/2023,P0005,395,57.85
10/21/2023,P0001,103,63.01
10/21/2023,P0002,193,42.13
10/21/2023,P0003,268,50.45
10/21/2023,P0004,261,99.57
10/21/2023,P0005,341,70.33
10/22/2023,P0001,271,99.97
10/22/2023,P0002,268,85.34
10/22/2023,P0003,325,32.89
10/22/2023,P0004,324,13.46
10/22/2023,P0005,134,98.59
10/23/2023,P0001,439,79.24
10/23/2023,P0002,160,93.12
10/23/2023,P0003,257,99.78
10/23/2023,P0004,562,50.08
10/23/2023,P0005,137,33.92
10/24/2023,P0001,82,14.71
10/24/2023,P0002,220,59.74
10/24/2023,P0003,436,40.99
10/24/2023,P0004,338,95.89
10/24/2023,P0005,433,82.62
10/25/2023,P0001,110,53.69
10/25/2023,P0002,327,60.99
10/25/2023,P0003,150,45.42
10/25/2023,P0004,538,30.21
10/25/2023,P0005,220,61.97
10/26/2023,P0001,365,50.2
10/26/2023,P0002,192,20.04
10/26/2023,P0003,193,87.29
10/26/2023,P0004,323,51.17
10/26/2023,P0005,325,11.84
10/27/2023,P0001,84,28.43
10/27/2023,P0002,184,21.47
10/27/2023,P0003,229,40.37
10/27/2023,P0004,36,94.09
10/27/2023,P0005,474,30.15
10/28/2023,P0001,455,68.06
10/28/2023,P0002,91,77.68
10/28/2023,P0003,323,38.9
10/28/2023,P0004,181,26.45
10/28/2023,P0005,314,40.81
10/29/2023,P0001,246,82.78
10/29/2023,P0002,367,36.97
10/29/2023,P0003,153,27.14
10/29/2023,P0004,47,49.72
10/29/2023,P0005,126,55.66
10/30/2023,P0001,562,70.32
10/30/2023,P0002,84,76.92
10/30/2023,P0003,190,53.67
10/30/2023,P0004,169,52.22
10/30/2023,P0005,481,86.87
10/31/2023,P0001,358,67.21
10/31/2023,P0002,200,58.67
10/31/2023,P0003,393,64.94
10/31/2023,P0004,204,69.96
10/31/2023,P0005,68,82.24
11/1/2023,P0001,96,62.27
11/1/2023,P0002,216,45.93
11/1/2023,P0003,249,49.92
11/1/2023,P0004,112,10.69
11/1/2023,P0005,133,80.42
11/2/2023,P0001,262,70.51
11/2/2023,P0002,164,51.71
11/2/2023,P0003,456,58.42
11/2/2023,P0004,76,71.37
11/2/2023,P0005,123,10.34
11/3/2023,P0001,322,75.65
11/3/2023,P0002,214,36.65
11/3/2023,P0003,410,89.56
11/3/2023,P0004,250,15.53
11/3/2023,P0005,268,84.65
11/4/2023,P0001,242,35.5
11/4/2023,P0002,213,25.11
11/4/2023,P0003,292,83.74
11/4/2023,P0004,212,70.19
11/4/2023,P0005,174,73.05
11/5/2023,P0001,207,54.31
11/5/2023,P0002,115,98.12
11/5/2023,P0003,181,27.38
11/5/2023,P0004,376,71.01
11/5/2023,P0005,323,73.28
11/6/2023,P0001,201,39.85
11/6/2023,P0002,243,99.06
11/6/2023,P0003,334,77.88
11/6/2023,P0004,122,67.04
11/6/2023,P0005,247,38.98
11/7/2023,P0001,160,43.84
11/7/2023,P0002,507,76.82
11/7/2023,P0003,236,96.42
11/7/2023,P0004,364,56.81
11/7/2023,P0005,234,58.56
11/8/2023,P0001,489,14.36
11/8/2023,P0002,168,42.69
11/8/2023,P0003,337,60
11/8/2023,P0004,267,33.12
11/8/2023,P0005,246,63.24
11/9/2023,P0001,179,38.46
11/9/2023,P0002,210,29.41
11/9/2023,P0003,215,82.9
11/9/2023,P0004,385,70.09
11/9/2023,P0005,263,85.74
11/10/2023,P0001,274,51.82
11/10/2023,P0002,124,23.04
11/10/2023,P0003,120,83.42
11/10/2023,P0004,197,59.24
11/10/2023,P0005,86,37.26
11/11/2023,P0001,188,17.12
11/11/2023,P0002,391,81.09
11/11/2023,P0003,123,99.88
11/11/2023,P0004,459,72.91
11/11/2023,P0005,163,56.62
11/12/2023,P0001,187,98.34
11/12/2023,P0002,166,96.21
11/12/2023,P0003,193,42.96
11/12/2023,P0004,209,91.11
11/12/2023,P0005,372,44.44
11/13/2023,P0001,211,89.42
11/13/2023,P0002,149,48.31
11/13/2023,P0003,180,66.8
11/13/2023,P0004,188,61.65
11/13/2023,P0005,300,42.29
11/14/2023,P0001,251,29.45
11/14/2023,P0002,503,68.69
11/14/2023,P0003,180,73
11/14/2023,P0004,220,57.59
11/14/2023,P0005,241,76.47
11/15/2023,P0001,205,42.04
11/15/2023,P0002,454,24.58
11/15/2023,P0003,217,78.72
11/15/2023,P0004,101,96.35
11/15/2023,P0005,502,88.22
11/16/2023,P0001,98,27.32
11/16/2023,P0002,118,12.38
11/16/2023,P0003,224,56.09
11/16/2023,P0004,456,61.69
11/16/2023,P0005,286,23.4
11/17/2023,P0001,548,28.75
11/17/2023,P0002,159,62.24
11/17/2023,P0003,299,67.81
11/17/2023,P0004,621,53.11
11/17/2023,P0005,79,63.59
11/18/2023,P0001,249,78.5
11/18/2023,P0002,408,12.99
11/18/2023,P0003,331,12.91
11/18/2023,P0004,222,48.5
11/18/2023,P0005,143,94.12
11/19/2023,P0001,200,77.17
11/19/2023,P0002,244,11.21
11/19/2023,P0003,236,26.02
11/19/2023,P0004,368,18.08
11/19/2023,P0005,130,49.56
11/20/2023,P0001,540,34.53
11/20/2023,P0002,421,48.87
11/20/2023,P0003,256,93.56
11/20/2023,P0004,140,78.11
11/20/2023,P0005,140,60.74
11/21/2023,P0001,112,43.23
11/21/2023,P0002,523,83.54
11/21/2023,P0003,125,56.24
11/21/2023,P0004,170,82.53
11/21/2023,P0005,280,75.59
11/22/2023,P0001,170,21.98
11/22/2023,P0002,210,29.55
11/22/2023,P0003,272,95.97
11/22/2023,P0004,291,72.09
11/22/2023,P0005,190,55.58
11/23/2023,P0001,312,50.94
11/23/2023,P0002,315,96.24
11/23/2023,P0003,348,92.11
11/23/2023,P0004,420,35.93
11/23/2023,P0005,257,43.82
11/24/2023,P0001,91,83.71
11/24/2023,P0002,392,72.7
11/24/2023,P0003,309,40.01
11/24/2023,P0004,241,25.23
11/24/2023,P0005,144,63.02
11/25/2023,P0001,524,56.22
11/25/2023,P0002,155,53.85
11/25/2023,P0003,310,48.67
11/25/2023,P0004,357,90.09
11/25/2023,P0005,434,74.92
11/26/2023,P0001,179,40.26
11/26/2023,P0002,375,58.66
11/26/2023,P0003,294,53.04
11/26/2023,P0004,160,62.16
11/26/2023,P0005,262,75.54
11/27/2023,P0001,299,54.14
11/27/2023,P0002,224,22.05
11/27/2023,P0003,138,31.21
11/27/2023,P0004,63,13.65
11/27/2023,P0005,206,86.62
11/28/2023,P0001,284,58.03
11/28/2023,P0002,96,64.76
11/28/2023,P0003,305,64.6
11/28/2023,P0004,213,36.42
11/28/2023,P0005,48,46.86
11/29/2023,P0001,161,62.04
11/29/2023,P0002,349,57.36
11/29/2023,P0003,124,67.4
11/29/2023,P0004,196,85.81
11/29/2023,P0005,100,72.24
11/30/2023,P0001,330,12.67
11/30/2023,P0002,127,32.7
11/30/2023,P0003,412,75.13
11/30/2023,P0004,238,75.92
11/30/2023,P0005,155,65.82
12/1/2023,P0001,243,59.79
12/1/2023,P0002,78,49.68
12/1/2023,P0003,509,15.29
12/1/2023,P0004,178,44.76
12/1/2023,P0005,258,11.77
12/2/2023,P0001,336,60.9
12/2/2023,P0002,340,12.44
12/2/2023,P0003,253,48.22
12/2/2023,P0004,314,10.02
12/2/2023,P0005,234,97.37
12/3/2023,P0001,203,21.92
12/3/2023,P0002,418,38.11
12/3/2023,P0003,169,14.6
12/3/2023,P0004,285,13.39
12/3/2023,P0005,387,62.42
12/4/2023,P0001,75,71.24
12/4/2023,P0002,431,53.87
12/4/2023,P0003,421,94.63
12/4/2023,P0004,161,63.87
12/4/2023,P0005,413,86.54
12/5/2023,P0001,188,44.77
12/5/2023,P0002,227,87.76
12/5/2023,P0003,205,53.21
12/5/2023,P0004,431,44.15
12/5/2023,P0005,84,30.95
12/6/2023,P0001,123,37.09
12/6/2023,P0002,62,21.35
12/6/2023,P0003,451,48.73
12/6/2023,P0004,128,11.07
12/6/2023,P0005,310,12.83
12/7/2023,P0001,199,37.65
12/7/2023,P0002,234,19.45
12/7/2023,P0003,203,54.35
12/7/2023,P0004,399,75.27
12/7/2023,P0005,129,79.21
12/8/2023,P0001,283,93.77
12/8/2023,P0002,227,61.25
12/8/2023,P0003,123,92.78
12/8/2023,P0004,303,70.24
12/8/2023,P0005,409,54.22
12/9/2023,P0001,220,69.45
12/9/2023,P0002,52,65.47
12/9/2023,P0003,518,31.5
12/9/2023,P0004,339,51.09
12/9/2023,P0005,205,74.55
12/10/2023,P0001,375,54.47
12/10/2023,P0002,444,13.01
12/10/2023,P0003,85,65.19
12/10/2023,P0004,394,22.76
12/10/2023,P0005,105,80.39
12/11/2023,P0001,177,72.95
12/11/2023,P0002,34,38.95
12/11/2023,P0003,130,39.08
12/11/2023,P0004,410,80.45
12/11/2023,P0005,34,31.97
12/12/2023,P0001,373,56.97
12/12/2023,P0002,45,48.86
12/12/2023,P0003,195,90.34
12/12/2023,P0004,467,95.89
12/12/2023,P0005,211,54.85
12/13/2023,P0001,183,74.85
12/13/2023,P0002,446,44.87
12/13/2023,P0003,192,53.44
12/13/2023,P0004,212,26.7
12/13/2023,P0005,390,20.32
12/14/2023,P0001,159,35.9
12/14/2023,P0002,211,45.04
12/14/2023,P0003,208,73.03
12/14/2023,P0004,59,25.35
12/14/2023,P0005,336,75.21
12/15/2023,P0001,344,24.78
12/15/2023,P0002,239,72.76
12/15/2023,P0003,287,88.85
12/15/2023,P0004,135,90.94
12/15/2023,P0005,284,67.92
12/16/2023,P0001,318,74.76
12/16/2023,P0002,84,57.07
12/16/2023,P0003,256,89.74
12/16/2023,P0004,101,75.12
12/16/2023,P0005,224,47.17
12/17/2023,P0001,240,58.65
12/17/2023,P0002,143,19.43
12/17/2023,P0003,334,47.66
12/17/2023,P0004,237,19.86
12/17/2023,P0005,385,76.88
12/18/2023,P0001,142,14.31
12/18/2023,P0002,194,29
12/18/2023,P0003,167,30.65
12/18/2023,P0004,290,22.73
12/18/2023,P0005,337,28.1
12/19/2023,P0001,324,87.59
12/19/2023,P0002,143,80.02
12/19/2023,P0003,103,69.51
12/19/2023,P0004,114,18.14
12/19/2023,P0005,81,69.64
12/20/2023,P0001,316,22.73
12/20/2023,P0002,319,39.04
12/20/2023,P0003,252,86.78
12/20/2023,P0004,280,43.51
12/20/2023,P0005,387,33.56
12/21/2023,P0001,226,19.45
12/21/2023,P0002,383,70.27
12/21/2023,P0003,143,14.19
12/21/2023,P0004,184,86.72
12/21/2023,P0005,243,51.27
12/22/2023,P0001,166,13.8
12/22/2023,P0002,352,10.47
12/22/2023,P0003,125,75.82
12/22/2023,P0004,187,94.67
12/22/2023,P0005,244,36.56
12/23/2023,P0001,372,79.47
12/23/2023,P0002,332,59.27
12/23/2023,P0003,406,10.61
12/23/2023,P0004,210,70.66
12/23/2023,P0005,373,72.91
12/24/2023,P0001,405,21.53
12/24/2023,P0002,274,10.55
12/24/2023,P0003,186,62.79
12/24/2023,P0004,303,38.04
12/24/2023,P0005,131,11.7
12/25/2023,P0001,112,72.86
12/25/2023,P0002,81,74.35
12/25/2023,P0003,315,21.38
12/25/2023,P0004,123,88.28
12/25/2023,P0005,91,94.78
12/26/2023,P0001,223,18.23
12/26/2023,P0002,271,69.5
12/26/2023,P0003,554,25.58
12/26/2023,P0004,179,65.1
12/26/2023,P0005,658,77.6
12/27/2023,P0001,316,27.65
12/27/2023,P0002,82,85.11
12/27/2023,P0003,225,58.96
12/27/2023,P0004,476,45.1
12/27/2023,P0005,58,92.83
12/28/2023,P0001,131,77.61
12/28/2023,P0002,137,73.74
12/28/2023,P0003,267,21.99
12/28/2023,P0004,349,27.78
12/28/2023,P0005,266,11.88
12/29/2023,P0001,203,14.01
12/29/2023,P0002,208,99.95
12/29/2023,P0003,307,56.48
12/29/2023,P0004,120,93.76
12/29/2023,P0005,404,32.17
12/30/2023,P0001,197,57
12/30/2023,P0002,150,47.6
12/30/2023,P0003,116,64.52
12/30/2023,P0004,194,52.12
12/30/2023,P0005,191,72.93
12/31/2023,P0001,80,12.17
12/31/2023,P0002,55,95.3
12/31/2023,P0003,301,78.64
12/31/2023,P0004,350,84.99
12/31/2023,P0005,114,49.93
1/1/2024,P0001,133,55.26
1/1/2024,P0002,172,44.84
1/1/2024,P0003,255,21.94
1/1/2024,P0004,334,86.37
1/1/2024,P0005,439,15.58
